Year,Month,LLP,SLP,Precip,Temp,MaxTemp,MinTemp,Humidity,Wind,Daylight,Snowfall
1900,1,-999.0,1018.0,53.0,-0.4,5.4,-5.5,71.0,-999.0,181.1,-999.0
1900,2,-999.0,1017.1,35.7,0.9,7.3,-4.3,70.0,-999.0,186.5,-999.0
1900,3,-999.0,1015.5,58.0,3.9,10.8,-2.0,71.0,-999.0,193.4,-999.0
1900,4,-999.0,1016.8,211.5,10.5,16.5,5.3,76.0,-999.0,152.9,-999.0
1900,5,-999.0,1009.6,113.9,16.2,22.6,10.3,76.0,-999.0,207.5,-999.0
1900,6,-999.0,1012.0,130.7,18.5,23.9,14.0,77.0,-999.0,167.1,-999.0
1900,7,-999.0,1007.3,230.4,22.0,26.4,18.8,84.0,-999.0,91.7,-999.0
1900,8,-999.0,1011.6,140.0,25.1,30.1,21.8,84.0,-999.0,138.1,-999.0
1900,9,-999.0,1013.5,172.9,21.6,26.4,18.0,83.0,-999.0,105.9,-999.0
1900,10,-999.0,1018.9,107.4,14.8,20.6,10.0,81.0,-999.0,132.4,-999.0
1900,11,-999.0,1018.4,139.0,9.4,15.7,3.8,81.0,-999.0,141.0,-999.0
1900,12,-999.0,1017.5,26.3,3.4,10.8,-2.4,70.0,-999.0,211.8,-999.0
1901,1,-999.0,1018.9,57.4,1.9,8.1,-3.1,76.0,-999.0,153.4,-999.0
1901,2,-999.0,1010.7,27.5,1.5,7.9,-4.7,68.0,-999.0,189.9,-999.0
1901,3,-999.0,1017.1,103.3,5.0,12.4,-1.5,65.0,-999.0,202.5,-999.0
1901,4,-999.0,1017.3,170.4,12.1,17.7,6.7,73.0,-999.0,174.0,-999.0
1901,5,-999.0,1011.9,152.5,14.9,20.4,10.4,76.0,-999.0,156.0,-999.0
1901,6,-999.0,1008.1,114.1,19.8,24.6,16.0,80.0,-999.0,111.2,-999.0
1901,7,-999.0,1008.7,255.8,21.2,25.5,18.4,86.0,-999.0,83.6,-999.0
1901,8,-999.0,1011.6,145.9,24.1,29.1,20.4,83.0,-999.0,172.4,-999.0
1901,9,-999.0,1011.5,198.4,21.0,26.6,17.0,82.0,-999.0,148.6,-999.0
1901,10,-999.0,1016.8,200.9,15.3,20.7,10.9,83.0,-999.0,128.4,-999.0
1901,11,-999.0,1016.5,73.2,8.0,14.8,2.7,77.0,-999.0,177.2,-999.0
1901,12,-999.0,1016.1,85.8,2.3,9.8,-3.8,71.0,-999.0,230.7,-999.0
1902,1,-999.0,1015.3,18.4,-0.2,7.1,-6.6,73.0,-999.0,243.1,-999.0
1902,2,-999.0,1019.3,21.1,1.3,8.1,-4.6,72.0,-999.0,211.5,-999.0
1902,3,-999.0,1016.0,47.9,6.4,13.7,-0.1,70.0,-999.0,190.9,-999.0
1902,4,-999.0,1013.7,161.0,9.7,16.5,3.1,68.0,-999.0,200.0,-999.0
1902,5,-999.0,1012.4,250.1,15.4,20.9,10.3,76.0,-999.0,153.4,-999.0
1902,6,-999.0,1007.9,280.0,19.0,24.1,14.8,80.0,-999.0,129.6,-999.0
1902,7,-999.0,1011.3,301.7,21.0,25.0,17.8,86.0,-999.0,76.8,-999.0
1902,8,-999.0,1008.3,299.5,22.2,26.1,19.3,85.0,-999.0,49.7,-999.0
1902,9,-999.0,1011.2,345.5,21.5,26.1,18.2,86.0,-999.0,96.8,-999.0
1902,10,-999.0,1018.8,120.8,15.1,20.9,10.2,80.0,-999.0,128.0,-999.0
1902,11,-999.0,1020.7,70.2,9.9,16.5,4.5,78.0,-999.0,148.1,-999.0
1902,12,-999.0,1014.8,63.2,5.4,11.3,0.6,74.0,-999.0,148.1,-999.0
1903,1,-999.0,1016.7,57.9,3.2,9.1,-1.6,73.0,-999.0,117.3,-999.0
1903,2,-999.0,1017.1,56.3,2.2,8.8,-3.6,70.0,-999.0,182.1,-999.0
1903,3,-999.0,1018.5,130.6,6.4,11.9,1.7,73.0,-999.0,136.0,-999.0
1903,4,-999.0,1017.6,125.0,11.7,17.3,6.3,75.0,-999.0,145.0,-999.0
1903,5,-999.0,1013.5,148.2,14.6,20.4,9.5,76.0,-999.0,135.0,-999.0
1903,6,-999.0,1008.0,239.6,18.7,24.3,-999.0,77.0,-999.0,157.4,-999.0
1903,7,-999.0,1008.9,179.3,22.8,27.4,19.6,85.0,-999.0,97.9,-999.0
1903,8,-999.0,1012.0,62.5,24.8,30.6,20.4,80.0,-999.0,199.4,-999.0
1903,9,-999.0,1014.5,260.8,21.4,26.4,17.9,83.0,-999.0,102.4,-999.0
1903,10,-999.0,1017.3,176.8,14.3,19.5,9.9,82.0,-999.0,112.1,-999.0
1903,11,-999.0,1018.0,67.2,7.4,15.1,1.0,77.0,-999.0,163.1,-999.0
1903,12,-999.0,1015.7,43.7,2.1,8.9,-3.3,70.0,-999.0,192.4,-999.0
1904,1,-999.0,1017.5,7.5,-0.4,6.2,-6.0,70.0,-999.0,201.7,-999.0
1904,2,-999.0,1019.1,47.5,2.5,9.3,-2.9,73.0,-999.0,160.6,-999.0
1904,3,-999.0,1017.3,110.4,4.5,10.9,-0.5,73.0,-999.0,158.1,-999.0
1904,4,-999.0,1018.1,111.6,12.3,17.6,7.8,76.0,-999.0,92.4,-999.0
1904,5,-999.0,1012.5,140.3,14.9,20.3,9.8,77.0,-999.0,139.5,-999.0
1904,6,-999.0,1010.0,100.3,21.3,26.5,16.9,80.0,-999.0,118.3,-999.0
1904,7,-999.0,1009.9,266.2,24.1,28.9,20.6,85.0,-999.0,126.7,-999.0
1904,8,-999.0,1011.3,89.1,24.5,30.3,19.8,78.0,-999.0,222.6,-999.0
1904,9,-999.0,1011.5,220.9,20.1,25.4,16.0,81.0,-999.0,136.1,-999.0
1904,10,-999.0,1016.3,196.3,15.2,20.5,10.9,80.0,-999.0,110.6,-999.0
1904,11,-999.0,1015.5,18.7,6.8,15.0,0.1,74.0,-999.0,191.1,-999.0
1904,12,-999.0,1016.7,62.2,3.4,10.4,-2.0,76.0,-999.0,177.3,-999.0
1905,1,-999.0,1015.5,38.7,2.6,10.0,-3.2,74.0,-999.0,187.2,-999.0
1905,2,-999.0,1014.0,14.3,0.7,8.3,-5.7,63.0,-999.0,199.8,-999.0
1905,3,-999.0,1021.5,98.4,4.4,11.0,-1.8,70.0,-999.0,186.3,-999.0
1905,4,-999.0,1015.7,119.7,9.5,15.5,3.9,73.0,-999.0,128.0,-999.0
1905,5,-999.0,1013.9,124.9,15.5,21.4,10.1,78.0,-999.0,148.8,-999.0
1905,6,-999.0,1009.2,212.4,20.3,24.6,16.6,85.0,-999.0,79.5,-999.0
1905,7,-999.0,1010.5,157.9,22.9,27.6,19.3,85.0,-999.0,118.9,-999.0
1905,8,-999.0,1010.4,256.1,20.9,25.0,17.8,88.0,-999.0,67.5,-999.0
1905,9,-999.0,1014.9,100.6,20.6,25.5,16.9,84.0,-999.0,117.3,-999.0
1905,10,-999.0,1018.0,85.7,14.8,20.8,9.8,80.0,-999.0,144.2,-999.0
1905,11,-999.0,1020.5,20.9,7.9,15.3,1.6,77.0,-999.0,158.4,-999.0
1905,12,-999.0,1017.9,54.1,4.8,11.1,-0.8,78.0,-999.0,146.2,-999.0
1906,1,-999.0,1017.1,11.8,-0.2,6.7,-6.1,70.0,-999.0,206.1,-999.0
1906,2,-999.0,1014.3,120.0,1.2,6.3,-3.5,71.0,-999.0,137.9,-999.0
1906,3,-999.0,1014.4,69.1,5.4,12.4,-0.7,68.0,-999.0,193.2,-999.0
1906,4,-999.0,1013.2,72.0,11.0,18.2,4.1,74.0,-999.0,186.6,-999.0
1906,5,-999.0,1013.2,56.2,15.4,22.3,9.3,70.0,-999.0,212.8,-999.0
1906,6,-999.0,1010.4,153.0,17.7,22.6,13.4,78.0,-999.0,115.1,-999.0
1906,7,-999.0,1006.8,328.5,23.1,27.3,20.2,86.0,-999.0,82.1,-999.0
1906,8,-999.0,1008.8,325.9,24.0,28.9,20.1,81.0,-999.0,132.0,-999.0
1906,9,-999.0,1014.1,195.9,18.6,23.3,14.8,85.0,-999.0,81.3,-999.0
1906,10,-999.0,1017.9,155.5,13.7,19.6,8.8,82.0,-999.0,126.1,-999.0
1906,11,-999.0,1020.4,36.8,7.1,14.4,1.1,74.0,-999.0,175.6,-999.0
1906,12,-999.0,1013.9,10.6,3.7,11.8,-2.7,70.0,-999.0,206.6,-999.0
1907,1,-999.0,1018.1,45.2,2.1,8.1,-3.3,72.0,-999.0,152.6,-999.0
1907,2,-999.0,1015.9,0.7,0.8,8.4,-5.6,63.0,-999.0,200.2,-999.0
1907,3,-999.0,1016.7,122.9,3.9,11.0,-2.3,71.0,-999.0,167.3,-999.0
1907,4,-999.0,1016.8,143.3,10.7,17.7,4.6,73.0,-999.0,186.2,-999.0
1907,5,-999.0,1009.5,240.9,15.6,21.9,9.7,78.0,-999.0,195.7,-999.0
1907,6,-999.0,1009.2,175.3,18.7,23.7,14.0,79.0,-999.0,144.4,-999.0
1907,7,-999.0,1009.9,174.7,22.4,27.4,18.4,83.0,-999.0,135.1,-999.0
1907,8,-999.0,1008.5,354.3,25.4,30.3,22.1,83.0,-999.0,157.5,-999.0
1907,9,-999.0,1013.9,310.1,20.4,25.3,16.8,82.0,-999.0,120.5,-999.0
1907,10,-999.0,1017.6,101.4,13.4,20.4,7.6,78.0,-999.0,194.2,-999.0
1907,11,-999.0,1019.9,57.1,9.6,15.6,4.4,79.0,-999.0,125.3,-999.0
1907,12,-999.0,1016.3,14.3,1.5,9.5,-4.9,71.0,-999.0,203.5,-999.0
1908,1,-999.0,1019.1,12.5,1.0,7.9,-5.1,71.0,-999.0,197.3,-999.0
1908,2,-999.0,1016.7,31.9,1.1,8.6,-5.4,68.0,-999.0,205.0,-999.0
1908,3,-999.0,1016.9,117.3,4.6,10.9,-1.2,72.0,-999.0,157.2,-999.0
1908,4,-999.0,1017.1,174.6,10.8,17.0,4.8,77.0,-999.0,155.2,-999.0
1908,5,-999.0,1012.7,255.6,15.0,20.9,9.3,80.0,-999.0,181.8,-999.0
1908,6,-999.0,1008.7,236.0,19.9,25.0,15.9,83.0,-999.0,115.6,-999.0
1908,7,-999.0,1009.6,337.0,21.4,25.9,18.0,82.0,-999.0,93.0,-999.0
1908,8,-999.0,1011.7,231.7,24.8,29.9,21.1,84.0,-999.0,180.4,-999.0
1908,9,-999.0,1014.9,227.1,18.4,23.1,14.7,82.0,-999.0,86.3,-999.0
1908,10,-999.0,1016.9,59.0,14.4,20.8,9.2,79.0,-999.0,145.1,-999.0
1908,11,-999.0,1014.1,1.7,6.5,15.2,-0.4,70.0,-999.0,224.5,-999.0
1908,12,-999.0,1017.9,46.5,2.1,10.3,-4.3,71.0,-999.0,211.7,-999.0
1909,1,-999.0,1018.5,85.7,0.1,5.9,-5.1,74.0,-999.0,140.9,-999.0
1909,2,-999.0,1014.3,24.9,0.8,8.4,-5.7,66.0,-999.0,203.3,-999.0
1909,3,-999.0,1018.3,132.5,4.9,10.9,0.0,73.0,-999.0,154.8,-999.0
1909,4,-999.0,1014.8,142.6,12.2,19.1,5.6,74.0,-999.0,188.7,-999.0
1909,5,-999.0,1012.1,270.4,15.8,22.1,9.9,76.0,-999.0,199.8,-999.0
1909,6,-999.0,1009.5,349.1,19.6,24.3,15.6,83.0,-999.0,91.3,-999.0
1909,7,-999.0,1013.1,257.6,23.8,28.9,19.7,82.0,-999.0,161.4,-999.0
1909,8,-999.0,1009.9,177.6,24.3,30.1,20.3,81.0,-999.0,166.6,-999.0
1909,9,-999.0,1012.9,344.9,20.6,25.9,16.6,85.0,-999.0,102.5,-999.0
1909,10,-999.0,1016.8,54.4,13.1,20.0,7.4,79.0,-999.0,158.9,-999.0
1909,11,-999.0,1017.9,48.1,7.8,16.2,1.1,76.0,-999.0,194.5,-999.0
1909,12,-999.0,1018.0,2.5,2.3,10.1,-4.0,71.0,-999.0,190.5,-999.0
1910,1,-999.0,1016.0,71.8,2.9,8.4,-1.8,78.0,-999.0,117.6,-999.0
1910,2,-999.0,1012.8,30.6,0.7,8.3,-5.7,64.0,-999.0,218.2,-999.0
1910,3,-999.0,1014.5,52.5,4.1,11.8,-2.7,66.0,-999.0,206.7,-999.0
1910,4,-999.0,1016.7,83.6,11.2,18.2,4.4,70.0,-999.0,217.0,-999.0
1910,5,-999.0,1013.5,170.6,15.8,22.1,9.7,74.0,-999.0,170.3,-999.0
1910,6,-999.0,1008.7,149.4,20.3,24.9,16.0,83.0,-999.0,107.2,-999.0
1910,7,-999.0,1009.6,147.8,22.4,26.9,18.9,85.0,-999.0,85.3,-999.0
1910,8,-999.0,1008.9,553.5,23.3,27.9,19.8,86.0,-999.0,112.7,-999.0
1910,9,-999.0,1013.7,160.5,20.0,24.6,16.4,85.0,-999.0,85.9,-999.0
1910,10,-999.0,1018.4,165.5,15.3,19.7,11.4,82.0,-999.0,97.8,-999.0
1910,11,-999.0,1018.0,41.8,8.5,16.2,2.2,76.0,-999.0,186.9,-999.0
1910,12,-999.0,1016.8,29.9,2.1,9.5,-3.9,71.0,-999.0,208.2,-999.0
1911,1,-999.0,1019.1,92.6,0.9,7.2,-4.7,73.0,-999.0,169.4,-999.0
1911,2,-999.0,1020.4,22.8,3.5,10.8,-2.9,64.0,-999.0,179.7,-999.0
1911,3,-999.0,1016.8,67.9,6.7,13.7,0.5,71.0,-999.0,164.1,-999.0
1911,4,-999.0,1012.7,153.7,12.2,19.3,5.7,70.0,-999.0,182.9,-999.0
1911,5,-999.0,1015.6,91.2,15.5,22.2,8.7,73.0,-999.0,196.7,-999.0
1911,6,-999.0,1009.5,281.7,20.4,25.6,16.1,80.0,-999.0,96.5,-999.0
1911,7,-999.0,1009.9,472.6,23.5,28.1,19.7,84.0,-999.0,110.4,-999.0
1911,8,-999.0,1011.1,253.3,24.6,29.2,21.1,85.0,-999.0,114.2,-999.0
1911,9,-999.0,1015.2,229.0,21.5,26.8,17.3,84.0,-999.0,117.6,-999.0
1911,10,-999.0,1014.7,84.6,14.4,20.3,9.1,78.0,-999.0,138.7,-999.0
1911,11,-999.0,1019.2,60.3,10.6,17.4,4.5,77.0,-999.0,154.4,-999.0
1911,12,-999.0,1019.5,33.1,2.6,9.9,-3.4,74.0,-999.0,171.7,-999.0
1912,1,-999.0,1017.3,30.8,0.9,8.5,-5.3,69.0,-999.0,201.5,-999.0
1912,2,-999.0,1016.1,90.6,4.0,10.8,-2.1,71.0,-999.0,165.0,-999.0
1912,3,-999.0,1015.1,131.1,6.0,12.9,0.3,69.0,-999.0,171.6,-999.0
1912,4,-999.0,1014.7,74.7,11.3,18.5,4.5,70.0,-999.0,205.5,-999.0
1912,5,-999.0,1011.7,190.5,15.6,21.6,9.6,76.0,-999.0,167.8,-999.0
1912,6,-999.0,1007.3,475.9,19.1,24.2,15.0,81.0,-999.0,107.7,-999.0
1912,7,-999.0,1008.1,190.2,23.2,27.8,19.7,85.0,-999.0,87.6,-999.0
1912,8,-999.0,1011.2,105.4,24.6,30.0,20.5,81.0,-999.0,159.6,-999.0
1912,9,-999.0,1012.5,265.1,19.2,23.4,15.2,84.0,-999.0,61.1,-999.0
1912,10,-999.0,1018.4,91.7,14.6,20.3,9.6,80.0,-999.0,118.8,-999.0
1912,11,-999.0,1018.3,71.1,7.4,13.7,1.9,78.0,-999.0,137.8,-999.0
1912,12,-999.0,1021.3,72.0,2.4,8.7,-3.0,76.0,-999.0,139.5,-999.0
1913,1,-999.0,1018.3,25.9,-0.4,6.7,-6.6,72.0,-999.0,209.6,-999.0
1913,2,-999.0,1015.5,33.7,2.4,9.1,-3.4,68.0,-999.0,152.9,-999.0
1913,3,-999.0,1014.8,43.7,3.9,11.8,-3.4,67.0,-999.0,205.6,-999.0
1913,4,-999.0,1016.4,65.8,12.1,18.5,6.0,74.0,-999.0,143.9,-999.0
1913,5,-999.0,1010.4,170.6,14.5,20.5,8.5,74.0,-999.0,177.6,-999.0
1913,6,-999.0,1007.6,156.7,19.6,24.8,15.0,79.0,-999.0,128.5,-999.0
1913,7,-999.0,1008.8,176.3,22.7,26.8,19.1,82.0,-999.0,121.4,-999.0
1913,8,-999.0,1007.2,319.6,22.9,28.0,18.3,80.0,-999.0,177.7,-999.0
1913,9,-999.0,1013.6,212.3,18.8,24.1,14.2,82.0,-999.0,126.0,-999.0
1913,10,-999.0,1015.9,168.5,14.3,19.6,9.5,82.0,-999.0,119.2,-999.0
1913,11,-999.0,1021.6,88.9,7.2,14.6,0.8,78.0,-999.0,152.7,-999.0
1913,12,-999.0,1016.8,36.6,3.2,10.3,-2.8,75.0,-999.0,183.4,-999.0
1914,1,-999.0,1016.8,16.2,1.9,9.8,-4.5,70.0,-999.0,204.4,-999.0
1914,2,-999.0,1018.5,39.8,1.5,8.4,-4.8,72.0,-999.0,156.9,-999.0
1914,3,-999.0,1017.5,161.8,7.4,13.3,1.7,76.0,-999.0,161.6,-999.0
1914,4,-999.0,1012.5,186.6,10.0,16.6,3.3,71.0,-999.0,201.3,-999.0
1914,5,-999.0,1014.4,151.2,16.6,22.2,10.9,79.0,-999.0,162.8,-999.0
1914,6,-999.0,1009.2,137.1,21.0,25.8,16.6,79.0,-999.0,129.2,-999.0
1914,7,-999.0,1008.1,176.8,24.3,29.3,20.3,82.0,-999.0,138.5,-999.0
1914,8,-999.0,1009.7,270.5,25.2,30.8,20.7,82.0,-999.0,184.4,-999.0
1914,9,-999.0,1015.5,349.9,21.5,26.5,17.6,84.0,-999.0,136.6,-999.0
1914,10,-999.0,1017.9,105.1,14.3,21.3,8.2,79.0,-999.0,191.4,-999.0
1914,11,-999.0,1019.5,30.5,10.2,16.9,4.2,78.0,-999.0,155.2,-999.0
1914,12,-999.0,1015.5,30.9,3.3,11.5,-3.1,76.0,-999.0,198.9,-999.0
1915,1,-999.0,1018.5,64.9,1.3,7.6,-4.2,73.0,-999.0,165.7,-999.0
1915,2,-999.0,1014.7,155.4,2.5,8.3,-2.9,72.0,-999.0,121.1,-999.0
1915,3,-999.0,1014.1,80.2,4.4,11.5,-1.6,69.0,-999.0,196.4,-999.0
1915,4,-999.0,1015.9,173.4,10.5,16.6,5.1,76.0,-999.0,130.0,-999.0
1915,5,-999.0,1011.3,193.9,14.9,21.2,8.8,75.0,-999.0,203.3,-999.0
1915,6,-999.0,1010.9,221.8,21.9,26.8,17.3,81.0,-999.0,141.7,-999.0
1915,7,-999.0,1009.9,72.5,23.7,29.1,19.5,80.0,-999.0,139.7,-999.0
1915,8,-999.0,1006.5,297.6,24.7,29.2,21.3,85.0,-999.0,99.7,-999.0
1915,9,-999.0,1013.7,250.5,21.8,26.0,18.2,85.0,-999.0,89.6,-999.0
1915,10,-999.0,1016.4,236.1,16.2,21.4,11.6,82.0,-999.0,123.6,-999.0
1915,11,-999.0,1022.3,23.4,9.5,16.1,3.8,80.0,-999.0,147.1,-999.0
1915,12,-999.0,1017.1,16.4,3.3,12.1,-3.5,71.0,-999.0,216.1,-999.0
1916,1,-999.0,1018.3,23.0,2.6,10.8,-4.2,71.0,-999.0,204.0,-999.0
1916,2,-999.0,1014.3,109.6,2.4,9.0,-3.3,72.0,-999.0,159.4,-999.0
1916,3,-999.0,1013.9,26.4,4.1,10.8,-2.3,67.0,-999.0,191.8,-999.0
1916,4,-999.0,1016.9,84.6,11.3,17.3,6.0,72.0,-999.0,135.7,-999.0
1916,5,-999.0,1012.9,160.5,15.9,22.1,10.6,76.0,-999.0,157.8,-999.0
1916,6,-999.0,1010.5,130.4,22.0,27.0,17.8,81.0,-999.0,114.7,-999.0
1916,7,-999.0,1009.3,290.8,23.3,28.0,19.6,84.0,-999.0,101.1,-999.0
1916,8,-999.0,1008.5,281.6,24.6,29.4,20.8,85.0,-999.0,132.0,-999.0
1916,9,-999.0,1014.1,188.9,22.5,27.3,18.8,86.0,-999.0,94.7,-999.0
1916,10,-999.0,1019.3,192.0,14.9,19.4,10.6,82.0,-999.0,92.1,-999.0
1916,11,-999.0,1022.4,207.3,9.7,16.0,4.6,80.0,-999.0,136.1,-999.0
1916,12,-999.0,1017.6,64.4,4.9,11.1,-0.6,77.0,-999.0,160.1,-999.0
1917,1,-999.0,1013.5,17.3,0.0,7.6,-6.5,71.0,-999.0,209.9,-999.0
1917,2,-999.0,1011.3,15.0,2.3,10.4,-4.6,66.0,-999.0,193.5,-999.0
1917,3,-999.0,1016.7,163.5,4.9,11.4,-0.8,70.0,-999.0,185.7,-999.0
1917,4,-999.0,1012.3,82.0,11.2,18.0,4.6,69.0,-999.0,198.4,-999.0
1917,5,-999.0,1009.6,94.9,14.5,21.5,7.8,74.0,-999.0,206.2,-999.0
1917,6,-999.0,1009.3,194.1,19.2,24.0,15.1,81.0,-999.0,111.6,-999.0
1917,7,-999.0,1011.2,186.5,25.3,30.9,21.0,80.0,-999.0,186.8,-999.0
1917,8,-999.0,1010.1,128.0,23.9,29.1,19.9,83.0,-999.0,128.5,-999.0
1917,9,-999.0,1014.9,214.2,21.2,25.0,18.2,87.0,-999.0,59.3,-999.0
1917,10,-999.0,1016.0,278.5,15.8,20.7,11.2,83.0,-999.0,91.7,-999.0
1917,11,-999.0,1016.7,63.2,6.7,13.8,0.4,74.0,-999.0,179.6,-999.0
1917,12,-999.0,1010.9,0.0,1.6,10.2,-5.3,70.0,-999.0,223.1,-999.0
1918,1,-999.0,1013.1,7.0,-0.9,7.0,-8.1,66.0,-999.0,217.1,-999.0
1918,2,-999.0,1019.7,40.8,1.4,8.7,-4.8,69.0,-999.0,169.0,-999.0
1918,3,-999.0,1017.1,147.4,5.0,11.9,-1.4,70.0,-999.0,207.6,-999.0
1918,4,-999.0,1016.8,116.2,10.4,16.6,5.0,74.0,-999.0,152.3,-999.0
1918,5,-999.0,1012.3,111.4,15.5,21.5,9.8,76.0,-999.0,161.1,-999.0
1918,6,-999.0,1009.3,155.4,19.6,24.0,15.7,82.0,-999.0,90.6,-999.0
1918,7,-999.0,1008.5,119.1,25.4,30.9,21.3,82.0,-999.0,155.7,-999.0
1918,8,-999.0,1011.7,139.8,25.3,30.8,20.9,81.0,-999.0,202.8,-999.0
1918,9,-999.0,1011.5,202.4,21.3,26.7,16.8,81.0,-999.0,128.9,-999.0
1918,10,-999.0,1018.0,123.5,14.9,20.0,10.3,83.0,-999.0,98.3,-999.0
1918,11,-999.0,1019.2,143.7,8.4,15.2,2.6,80.0,-999.0,149.9,-999.0
1918,12,-999.0,1018.9,44.2,1.5,8.1,-3.9,78.0,-999.0,163.7,-999.0
1919,1,-999.0,1016.5,61.7,0.6,6.5,-4.8,71.0,-999.0,161.6,-999.0
1919,2,-999.0,1017.1,104.7,2.6,8.6,-3.0,73.0,-999.0,155.5,-999.0
1919,3,-999.0,1014.3,74.1,6.3,13.6,-0.2,69.0,-999.0,193.3,-999.0
1919,4,-999.0,1013.3,112.7,11.6,18.4,4.7,70.0,-999.0,186.3,-999.0
1919,5,-999.0,1013.1,84.4,15.3,21.5,9.5,76.0,-999.0,177.2,-999.0
1919,6,-999.0,1008.0,209.6,19.5,24.7,14.9,80.0,-999.0,135.1,-999.0
1919,7,-999.0,1011.9,150.1,23.5,28.3,19.7,82.0,-999.0,142.8,-999.0
1919,8,-999.0,1010.8,178.4,24.4,29.5,20.1,81.0,-999.0,175.4,-999.0
1919,9,-999.0,1012.0,232.7,21.7,26.7,17.6,81.0,-999.0,140.0,-999.0
1919,10,-999.0,1015.5,126.2,15.2,20.7,10.4,82.0,-999.0,123.2,-999.0
1919,11,-999.0,1018.3,89.7,10.3,15.9,5.3,81.0,-999.0,117.8,-999.0
1919,12,-999.0,1015.3,74.7,3.2,10.2,-2.3,76.0,-999.0,166.0,-999.0
1920,1,-999.0,1013.3,60.1,2.2,9.6,-3.8,73.0,-999.0,189.5,-999.0
1920,2,-999.0,1019.3,82.9,0.8,6.7,-4.6,75.0,-999.0,144.7,-999.0
1920,3,-999.0,1020.5,143.1,5.5,11.6,-0.2,74.0,-999.0,163.9,-999.0
1920,4,-999.0,1016.3,167.6,11.3,17.7,5.4,75.0,-999.0,190.9,-999.0
1920,5,-999.0,1007.6,342.4,15.8,21.0,11.4,80.0,-999.0,126.9,-999.0
1920,6,-999.0,1008.9,156.3,19.7,24.3,15.8,82.0,-999.0,115.2,-999.0
1920,7,-999.0,1011.3,324.4,25.2,30.9,21.1,82.0,-999.0,184.6,-999.0
1920,8,-999.0,1008.9,350.4,25.0,29.3,21.9,85.0,-999.0,127.9,-999.0
1920,9,-999.0,1014.4,219.9,20.6,25.5,16.5,82.0,-999.0,106.6,-999.0
1920,10,-999.0,1015.9,236.4,15.4,21.6,10.3,79.0,-999.0,165.5,-999.0
1920,11,-999.0,1018.1,61.4,9.9,17.0,4.1,78.0,-999.0,172.1,-999.0
1920,12,-999.0,1018.5,69.1,3.2,10.1,-2.6,75.0,-999.0,182.4,-999.0
1921,1,-999.0,1016.7,46.5,1.8,9.2,-4.3,73.0,-999.0,183.4,-999.0
1921,2,-999.0,1014.0,69.4,1.2,8.9,-5.3,69.0,-999.0,197.5,-999.0
1921,3,-999.0,1013.2,93.8,3.9,11.0,-2.5,69.0,-999.0,215.6,-999.0
1921,4,-999.0,1016.9,80.7,12.7,18.7,6.7,74.0,-999.0,171.3,-999.0
1921,5,-999.0,1010.8,232.9,15.2,20.8,10.2,78.0,-999.0,157.1,-999.0
1921,6,-999.0,1009.7,157.0,18.4,23.0,14.5,81.0,-999.0,121.1,-999.0
1921,7,-999.0,1012.0,218.7,23.8,28.4,20.4,84.0,-999.0,118.8,-999.0
1921,8,-999.0,1009.3,85.1,24.8,29.7,20.8,84.0,-999.0,172.8,-999.0
1921,9,-999.0,1014.0,365.8,20.4,24.4,17.1,87.0,-999.0,86.8,-999.0
1921,10,-999.0,1016.0,169.1,14.4,19.7,10.2,82.0,-999.0,120.9,-999.0
1921,11,-999.0,1015.3,3.8,6.2,15.4,-1.0,75.0,-999.0,225.5,-999.0
1921,12,-999.0,1018.3,16.8,2.7,10.8,-3.6,72.0,-999.0,205.4,-999.0
1922,1,-999.0,1016.8,23.6,-1.5,5.3,-7.3,71.0,-999.0,197.0,-999.0
1922,2,-999.0,1017.6,220.7,5.4,11.9,0.0,74.0,-999.0,136.8,-999.0
1922,3,-999.0,1015.6,59.8,5.1,12.3,-1.6,63.0,-999.0,224.5,-999.0
1922,4,-999.0,1015.6,104.0,12.1,18.8,5.5,71.0,-999.0,192.0,-999.0
1922,5,-999.0,1013.5,150.7,15.9,21.6,10.8,76.0,-999.0,156.4,-999.0
1922,6,-999.0,1007.9,120.7,21.0,27.0,15.7,77.0,-999.0,193.7,-999.0
1922,7,-999.0,1010.7,198.9,24.4,29.1,20.9,85.0,-999.0,128.5,-999.0
1922,8,-999.0,1008.0,328.0,26.4,32.0,22.1,83.0,-999.0,187.9,-999.0
1922,9,-999.0,1014.3,181.1,22.1,27.7,17.9,82.0,-999.0,129.7,-999.0
1922,10,-999.0,1017.1,177.1,15.3,22.4,9.6,80.0,-999.0,174.1,-999.0
1922,11,-999.0,1017.5,93.1,9.0,15.7,3.3,78.0,-999.0,168.1,-999.0
1922,12,-999.0,1013.6,4.4,1.1,9.9,-5.6,70.0,-999.0,225.5,-999.0
1923,1,-999.0,1018.9,40.4,-0.9,6.5,-7.1,73.0,-999.0,206.6,-999.0
1923,2,-999.0,1015.1,123.6,1.0,7.2,-4.4,71.0,-999.0,153.5,-999.0
1923,3,-999.0,1021.2,74.4,6.1,13.4,-0.3,72.0,-999.0,202.1,-999.0
1923,4,-999.0,1015.1,87.7,10.6,16.9,4.6,73.0,-999.0,153.1,-999.0
1923,5,-999.0,1013.2,160.9,16.2,21.3,11.7,78.0,-999.0,116.9,-999.0
1923,6,-999.0,1008.9,331.9,19.5,24.3,15.4,81.0,-999.0,114.0,-999.0
1923,7,-999.0,1009.1,268.7,23.1,27.7,19.5,85.0,-999.0,83.0,-999.0
1923,8,-999.0,1010.9,86.7,26.3,32.0,22.1,80.0,-999.0,177.8,-999.0
1923,9,-999.0,1010.3,328.2,22.3,27.4,18.2,83.0,-999.0,125.7,-999.0
1923,10,-999.0,1016.3,134.4,15.4,21.3,10.5,81.0,-999.0,131.9,-999.0
1923,11,-999.0,1016.4,130.1,10.2,16.8,4.3,77.0,-999.0,153.5,-999.0
1923,12,-999.0,1019.2,25.1,3.3,10.2,-2.4,76.0,-999.0,170.3,-999.0
1924,1,-999.0,1017.6,1.0,0.6,9.0,-5.9,67.0,-999.0,210.6,-999.0
1924,2,-999.0,1013.1,27.7,2.1,9.4,-4.4,67.0,-999.0,184.7,-999.0
1924,3,-999.0,1016.0,48.0,2.8,10.2,-4.0,64.0,-999.0,223.3,-999.0
1924,4,-999.0,1016.3,112.1,13.3,19.6,7.6,76.0,-999.0,141.1,-999.0
1924,5,-999.0,1009.9,102.8,15.7,22.4,9.5,72.0,-999.0,204.3,-999.0
1924,6,-999.0,1009.7,159.3,18.8,23.4,14.9,82.0,-999.0,101.7,-999.0
1924,7,-999.0,1014.4,61.7,25.8,31.7,21.5,80.0,-999.0,197.2,-999.0
1924,8,-999.0,1009.7,115.7,25.3,30.8,21.2,79.0,-999.0,166.7,-999.0
1924,9,-999.0,1013.6,287.0,20.4,25.6,16.3,82.0,-999.0,122.6,-999.0
1924,10,-999.0,1018.7,177.3,13.8,19.3,8.8,81.0,-999.0,138.4,-999.0
1924,11,-999.0,1014.9,35.8,7.6,16.0,1.1,75.0,-999.0,179.1,-999.0
1924,12,-999.0,1017.9,8.5,3.0,10.5,-2.9,71.0,-999.0,163.3,-999.0
1925,1,-999.0,1015.6,16.2,0.4,8.3,-6.0,70.0,-999.0,186.0,-999.0
1925,2,-999.0,1018.0,39.5,0.4,7.3,-5.5,71.0,-999.0,158.3,-999.0
1925,3,-999.0,1013.9,73.5,3.6,11.5,-3.3,66.0,-999.0,208.0,-999.0
1925,4,-999.0,1017.5,98.1,10.5,17.1,4.4,71.0,-999.0,144.5,-999.0
1925,5,-999.0,1013.2,111.5,14.8,21.1,8.9,75.0,-999.0,144.5,-999.0
1925,6,-999.0,1009.5,95.4,19.6,24.9,15.1,77.0,-999.0,132.9,-999.0
1925,7,-999.0,1012.5,127.0,22.3,27.0,18.5,82.0,-999.0,126.0,-999.0
1925,8,-999.0,1012.3,424.7,24.8,29.7,21.4,84.0,-999.0,141.2,-999.0
1925,9,-999.0,1013.7,182.5,21.6,26.8,17.7,85.0,-999.0,115.9,-999.0
1925,10,-999.0,1016.0,114.6,14.9,20.9,9.7,80.0,-999.0,131.4,-999.0
1925,11,-999.0,1017.9,59.5,9.4,16.4,3.4,77.0,-999.0,144.1,-999.0
1925,12,-999.0,1014.0,47.8,4.8,12.4,-1.2,73.0,-999.0,176.6,-999.0
1926,1,-999.0,1016.1,1.2,0.6,8.0,-5.7,68.0,-999.0,171.6,-999.0
1926,2,-999.0,1018.3,25.4,2.5,10.2,-4.4,66.0,-999.0,168.9,-999.0
1926,3,-999.0,1014.8,41.3,4.3,11.9,-2.5,69.0,-999.0,171.2,-999.0
1926,4,-999.0,1010.4,97.2,8.7,17.0,0.8,67.0,-999.0,202.3,-999.0
1926,5,-999.0,1014.5,126.7,15.4,21.5,9.5,76.0,-999.0,149.1,-999.0
1926,6,-999.0,1011.3,80.3,18.2,24.4,12.6,75.0,-999.0,168.1,-999.0
1926,7,-999.0,1009.5,102.7,23.4,28.7,18.9,81.0,-999.0,141.3,-999.0
1926,8,-999.0,1010.1,192.9,24.8,29.9,20.6,83.0,-999.0,136.8,-999.0
1926,9,-999.0,1012.4,192.0,21.7,26.9,17.5,83.0,-999.0,123.6,-999.0
1926,10,-999.0,1015.2,82.6,13.0,19.9,7.2,79.0,-999.0,154.0,-999.0
1926,11,-999.0,1018.4,17.0,6.9,16.0,-0.4,72.0,-999.0,198.3,-999.0
1926,12,-999.0,1015.5,52.7,1.9,9.0,-4.2,72.0,-999.0,163.9,-999.0
1927,1,-999.0,1015.9,16.6,0.1,7.9,-6.7,72.0,-999.0,188.4,-999.0
1927,2,-999.0,1016.5,26.9,-0.5,6.5,-7.1,72.0,-999.0,169.6,-999.0
1927,3,-999.0,1017.7,178.8,4.3,11.2,-2.0,71.0,-999.0,167.6,-999.0
1927,4,-999.0,1016.7,181.0,12.0,18.9,5.7,72.0,-999.0,167.9,-999.0
1927,5,-999.0,1012.0,197.1,15.3,21.6,9.6,77.0,-999.0,149.5,-999.0
1927,6,-999.0,1010.0,136.3,19.9,26.0,14.6,77.0,-999.0,169.3,-999.0
1927,7,-999.0,1010.1,166.3,25.0,29.6,21.4,85.0,-999.0,81.3,-999.0
1927,8,-999.0,1008.7,450.6,25.0,30.8,20.5,83.0,-999.0,140.0,-999.0
1927,9,-999.0,1011.7,369.5,19.9,24.6,16.0,83.0,-999.0,84.6,-999.0
1927,10,-999.0,1017.5,81.2,15.0,21.2,9.8,80.0,-999.0,128.6,-999.0
1927,11,-999.0,1016.4,44.6,8.7,16.4,2.6,78.0,-999.0,153.7,-999.0
1927,12,-999.0,1015.2,11.8,2.8,10.7,-3.6,75.0,-999.0,158.5,-999.0
1928,1,-999.0,1018.1,36.5,1.5,8.9,-4.9,72.0,-999.0,179.3,-999.0
1928,2,-999.0,1017.2,62.6,1.3,8.8,-5.1,68.0,-999.0,204.8,-999.0
1928,3,-999.0,1015.1,72.3,4.9,12.1,-1.3,69.0,-999.0,183.2,-999.0
1928,4,-999.0,1015.6,129.8,11.1,18.2,5.1,70.0,-999.0,180.2,-999.0
1928,5,-999.0,1013.1,83.6,16.9,22.6,12.2,76.0,-999.0,124.0,-999.0
1928,6,-999.0,1009.2,239.8,19.4,23.6,16.5,85.0,-999.0,48.6,-999.0
1928,7,-999.0,1011.1,287.6,22.8,27.2,19.9,85.0,-999.0,77.9,-999.0
1928,8,-999.0,1009.1,201.7,23.3,27.8,20.1,84.0,-999.0,104.7,-999.0
1928,9,-999.0,1014.5,129.7,22.9,28.7,19.1,84.0,-999.0,136.1,-999.0
1928,10,-999.0,1018.0,257.3,15.5,20.5,11.6,83.0,-999.0,108.2,-999.0
1928,11,-999.0,1020.0,36.0,9.3,15.9,3.9,81.0,-999.0,143.2,-999.0
1928,12,-999.0,1017.6,20.7,2.6,9.6,-3.0,73.0,-999.0,175.4,-999.0
1929,1,-999.0,1016.1,2.1,-0.3,7.8,-6.6,69.0,-999.0,223.3,-999.0
1929,2,-999.0,1014.5,7.4,0.8,9.2,-6.3,65.0,-999.0,233.0,-999.0
1929,3,-999.0,1015.5,42.8,5.0,13.2,-1.7,66.0,-999.0,217.7,-999.0
1929,4,-999.0,1013.2,108.0,10.9,17.7,4.8,71.0,-999.0,199.1,-999.0
1929,5,-999.0,1012.7,249.2,15.1,20.6,10.4,78.0,-999.0,149.6,-999.0
1929,6,-999.0,1009.7,80.6,19.8,25.3,15.2,77.0,-999.0,138.4,-999.0
1929,7,-999.0,1010.9,95.8,25.2,30.6,21.4,81.0,-999.0,160.6,-999.0
1929,8,-999.0,1009.5,158.7,25.5,31.9,21.3,81.0,-999.0,179.6,-999.0
1929,9,-999.0,1012.7,284.8,19.3,24.0,15.5,84.0,-999.0,98.6,-999.0
1929,10,-999.0,1017.1,178.9,15.3,20.5,11.2,80.0,-999.0,108.8,-999.0
1929,11,-999.0,1019.6,116.4,9.3,15.1,4.3,81.0,-999.0,111.2,-999.0
1929,12,-999.0,1020.1,48.6,6.4,12.0,1.9,78.0,-999.0,127.2,-999.0
1930,1,-999.0,1019.2,22.3,1.2,8.6,-4.2,71.0,-999.0,214.2,-999.0
1930,2,-999.0,1017.5,47.0,3.3,9.7,-1.6,72.0,-999.0,150.8,-999.0
1930,3,-999.0,1019.1,112.8,7.1,13.6,2.0,74.0,-999.0,151.6,-999.0
1930,4,-999.0,1015.2,110.5,12.5,19.1,6.8,74.0,-999.0,178.1,-999.0
1930,5,-999.0,1013.7,119.5,16.5,22.8,11.0,75.0,-999.0,185.1,-999.0
1930,6,-999.0,1009.2,203.4,20.4,25.6,16.1,80.0,-999.0,154.2,-999.0
1930,7,-999.0,1008.5,388.9,25.1,29.9,21.9,86.0,-999.0,132.2,-999.0
1930,8,-999.0,1010.4,86.1,25.8,31.0,22.1,83.0,-999.0,166.8,-999.0
1930,9,-999.0,1014.8,288.0,20.1,26.8,15.0,78.0,-999.0,200.4,-999.0
1930,10,-999.0,1016.5,117.7,15.2,21.5,10.2,79.0,-999.0,165.7,-999.0
1930,11,-999.0,1018.1,102.2,8.1,15.4,2.1,77.0,-999.0,178.3,-999.0
1930,12,-999.0,1019.2,33.3,3.0,10.2,-2.4,77.0,-999.0,170.6,-999.0
1931,1,-999.0,1016.6,59.7,0.5,7.4,-4.5,74.0,-999.0,170.1,-999.0
1931,2,-999.0,1018.0,55.7,0.4,5.8,-4.2,73.0,-999.0,125.6,-999.0
1931,3,-999.0,1015.6,58.1,5.8,14.1,-1.1,63.0,-999.0,240.2,-999.0
1931,4,-999.0,1012.8,98.1,10.5,17.3,4.4,66.0,-999.0,203.9,-999.0
1931,5,-999.0,1013.2,164.2,14.8,21.8,8.2,71.0,-999.0,242.4,-999.0
1931,6,-999.0,1009.6,259.0,19.3,24.6,15.6,82.0,-999.0,144.9,-999.0
1931,7,-999.0,1008.4,210.6,20.9,24.9,17.9,86.0,-999.0,82.3,-999.0
1931,8,-999.0,1012.4,71.2,25.3,30.6,21.9,81.0,-999.0,156.0,-999.0
1931,9,-999.0,1014.1,178.2,21.1,26.1,17.7,84.0,-999.0,109.6,-999.0
1931,10,-999.0,1018.2,242.3,14.5,20.8,9.9,80.0,-999.0,143.6,-999.0
1931,11,-999.0,1020.4,84.8,9.1,15.6,3.8,79.0,-999.0,148.5,-999.0
1931,12,-999.0,1018.5,41.1,4.3,11.5,-1.2,74.0,-999.0,171.4,-999.0
1932,1,-999.0,1021.3,19.8,3.0,10.8,-2.7,75.0,-999.0,209.8,-999.0
1932,2,-999.0,1015.7,64.7,1.9,9.0,-3.8,69.0,-999.0,186.3,-999.0
1932,3,-999.0,1013.7,77.8,4.9,12.6,-1.3,71.0,-999.0,220.8,-999.0
1932,4,-999.0,1012.6,165.1,9.9,17.1,3.4,73.0,-999.0,195.1,-999.0
1932,5,-999.0,1013.3,84.4,16.6,23.5,10.8,72.0,-999.0,232.9,-999.0
1932,6,-999.0,1011.4,187.5,19.1,23.4,16.0,80.0,-999.0,96.9,-999.0
1932,7,-999.0,1008.8,124.6,24.9,29.7,21.1,82.0,-999.0,161.9,-999.0
1932,8,-999.0,1010.9,93.1,25.2,30.6,21.8,83.0,-999.0,151.0,-999.0
1932,9,-999.0,1012.8,285.7,20.5,25.3,17.5,85.0,-999.0,90.5,-999.0
1932,10,-999.0,1016.1,79.6,14.7,21.0,10.0,80.0,-999.0,154.1,-999.0
1932,11,-999.0,1016.8,122.7,8.6,15.4,3.3,78.0,-999.0,135.4,-999.0
1932,12,-999.0,1019.4,36.0,3.4,10.0,-1.6,75.0,-999.0,159.8,-999.0
1933,1,-999.0,1018.9,37.0,0.6,7.1,-4.2,72.0,-999.0,162.2,-999.0
1933,2,-999.0,1015.7,14.0,1.0,7.9,-4.6,68.0,-999.0,168.1,-999.0
1933,3,-999.0,1015.4,81.8,4.1,10.1,-0.9,70.0,-999.0,144.7,-999.0
1933,4,-999.0,1016.8,98.1,10.8,16.7,5.6,74.0,-999.0,114.8,-999.0
1933,5,-999.0,1013.4,53.1,16.9,23.4,11.5,73.0,-999.0,190.4,-999.0
1933,6,-999.0,1010.1,200.1,20.8,26.5,16.2,78.0,-999.0,168.9,-999.0
1933,7,-999.0,1011.7,197.2,25.4,30.5,22.1,84.0,-999.0,142.4,-999.0
1933,8,-999.0,1010.1,406.8,25.9,31.3,22.5,84.0,-999.0,174.8,-999.0
1933,9,-999.0,1012.1,49.8,21.5,27.8,17.0,76.0,-999.0,180.0,-999.0
1933,10,-999.0,1016.2,163.0,14.6,20.6,9.9,78.0,-999.0,162.0,-999.0
1933,11,-999.0,1018.8,72.9,8.9,16.2,3.1,76.0,-999.0,177.4,-999.0
1933,12,-999.0,1012.6,49.7,3.5,11.1,-2.2,73.0,-999.0,198.9,-999.0
1934,1,-999.0,1014.0,14.2,-0.3,7.1,-6.2,71.0,-999.0,210.1,-999.0
1934,2,-999.0,1012.0,16.8,1.0,8.8,-5.2,67.0,-999.0,198.1,-999.0
1934,3,-999.0,1012.4,32.9,3.7,11.5,-3.0,65.0,-999.0,202.9,-999.0
1934,4,-999.0,1016.2,128.6,9.7,15.9,4.1,73.0,-999.0,165.0,-999.0
1934,5,-999.0,1013.7,120.9,16.2,23.2,10.6,75.0,-999.0,208.0,-999.0
1934,6,-999.0,1009.6,166.8,20.8,26.6,16.3,78.0,-999.0,159.4,-999.0
1934,7,-999.0,1009.2,187.6,22.5,26.4,19.9,86.0,-999.0,67.1,-999.0
1934,8,-999.0,1010.9,59.1,24.5,29.6,20.9,82.0,-999.0,146.9,-999.0
1934,9,-999.0,1012.9,140.3,20.2,24.5,16.8,84.0,-999.0,75.3,-999.0
1934,10,-999.0,1020.0,144.4,13.1,18.7,8.5,79.0,-999.0,125.1,-999.0
1934,11,-999.0,1016.5,89.3,8.4,15.6,2.9,75.0,-999.0,175.8,-999.0
1934,12,-999.0,1022.0,38.7,2.8,10.0,-2.4,74.0,-999.0,169.7,-999.0
1935,1,-999.0,1014.8,65.3,0.9,6.6,-4.0,74.0,-999.0,213.3,-999.0
1935,2,-999.0,1017.7,65.4,2.6,7.9,-2.3,72.0,-999.0,167.5,-999.0
1935,3,-999.0,1014.0,81.9,4.4,10.7,-1.0,69.0,-999.0,195.7,-999.0
1935,4,-999.0,1015.8,108.8,10.5,16.4,4.9,73.0,-999.0,204.1,-999.0
1935,5,-999.0,1011.7,120.9,14.5,19.8,9.1,75.0,-999.0,188.9,-999.0
1935,6,-999.0,1009.7,110.1,19.8,24.7,15.6,78.0,-999.0,153.4,-999.0
1935,7,-999.0,1009.8,126.9,22.9,27.1,19.4,84.0,-999.0,122.3,-999.0
1935,8,-999.0,1008.8,286.8,23.1,26.9,20.2,88.0,-999.0,121.8,-999.0
1935,9,-999.0,1012.4,284.9,19.7,23.0,16.8,88.0,-999.0,64.4,-999.0
1935,10,-999.0,1015.2,177.6,14.9,20.7,9.6,81.0,-999.0,199.9,-999.0
1935,11,-999.0,1020.8,72.0,8.2,14.1,2.9,79.0,-999.0,161.1,-999.0
1935,12,-999.0,1017.4,30.0,3.0,9.2,-2.4,78.0,-999.0,177.8,-999.0
1936,1,-999.0,1012.5,25.9,-0.4,5.7,-6.2,67.0,-999.0,214.3,-999.0
1936,2,-999.0,1012.6,48.1,0.1,5.8,-5.2,69.0,-999.0,188.8,-999.0
1936,3,-999.0,1018.3,57.6,3.6,9.2,-1.8,72.0,-999.0,214.7,-999.0
1936,4,-999.0,1013.2,149.9,9.9,15.6,4.4,74.0,-999.0,165.0,-999.0
1936,5,-999.0,1014.2,148.6,14.9,20.1,9.7,80.0,-999.0,164.4,-999.0
1936,6,-999.0,1010.5,232.1,19.9,24.6,15.7,84.0,-999.0,138.5,-999.0
1936,7,-999.0,1008.9,228.5,23.7,28.2,19.7,83.0,-999.0,191.7,-999.0
1936,8,-999.0,1009.4,320.8,24.7,29.0,21.2,86.0,-999.0,164.5,-999.0
1936,9,-999.0,1013.2,329.4,22.4,27.2,18.8,86.0,-999.0,142.0,-999.0
1936,10,-999.0,1014.9,241.3,14.0,19.4,9.0,82.0,-999.0,146.8,-999.0
1936,11,-999.0,1019.3,35.6,8.6,14.3,3.2,78.0,-999.0,141.4,-999.0
1936,12,-999.0,1018.8,48.6,3.3,9.7,-2.1,80.0,-999.0,153.4,-999.0
1937,1,-999.0,1017.8,49.5,1.5,7.6,-3.8,75.0,-999.0,158.7,-999.0
1937,2,-999.0,1016.6,92.8,3.8,9.2,-0.9,74.0,-999.0,143.0,-999.0
1937,3,-999.0,1013.3,114.8,5.6,11.5,0.1,70.0,-999.0,173.7,-999.0
1937,4,-999.0,1018.2,166.4,10.2,16.3,4.4,77.0,-999.0,181.6,-999.0
1937,5,-999.0,1010.2,144.5,15.4,21.0,9.9,80.0,-999.0,184.9,-999.0
1937,6,-999.0,1012.4,67.0,18.2,22.9,13.5,83.0,-999.0,131.1,-999.0
1937,7,-999.0,1009.6,205.8,24.8,28.8,21.7,90.0,-999.0,105.7,-999.0
1937,8,-999.0,1013.4,227.6,26.1,31.0,22.4,84.0,-999.0,175.3,-999.0
1937,9,-999.0,1013.6,167.5,20.6,25.1,16.8,81.0,-999.0,139.0,-999.0
1937,10,-999.0,1017.6,153.6,14.4,19.4,10.1,81.0,-999.0,122.3,-999.0
1937,11,-999.0,1016.9,71.3,9.2,15.4,3.9,79.0,-999.0,142.2,-999.0
1937,12,-999.0,1012.1,61.6,2.2,9.5,-3.9,69.0,-999.0,225.1,-999.0
1938,1,-999.0,1018.1,34.6,-0.1,7.0,-6.2,70.0,-999.0,203.2,-999.0
1938,2,-999.0,1012.0,60.9,0.7,6.9,-5.0,66.0,-999.0,192.5,-999.0
1938,3,-999.0,1016.4,100.6,6.7,12.8,1.7,76.0,-999.0,142.9,-999.0
1938,4,-999.0,1010.9,104.9,11.0,17.7,4.0,69.0,-999.0,214.8,-999.0
1938,5,-999.0,1012.9,204.7,17.0,22.0,12.3,80.0,-999.0,162.8,-999.0
1938,6,-999.0,1007.8,417.4,19.4,23.4,15.9,82.0,-999.0,100.5,-999.0
1938,7,-999.0,1009.8,227.0,23.7,27.8,20.4,84.0,-999.0,121.9,-999.0
1938,8,-999.0,1012.8,159.8,24.6,28.6,21.4,85.0,-999.0,151.9,-999.0
1938,9,-999.0,1011.4,240.7,20.6,25.0,17.1,83.0,-999.0,127.4,-999.0
1938,10,-999.0,1016.4,193.3,14.8,19.8,10.5,82.0,-999.0,126.9,-999.0
1938,11,-999.0,1016.4,12.6,8.1,15.4,1.9,74.0,-999.0,189.8,-999.0
1938,12,-999.0,1016.5,52.7,2.9,9.8,-2.9,72.0,-999.0,181.3,-999.0
1939,1,-999.0,1017.2,36.4,-0.5,6.3,-6.4,67.0,-999.0,211.7,-999.0
1939,2,-999.0,1016.5,27.8,1.5,8.1,-4.4,65.0,-999.0,193.0,-999.0
1939,3,-999.0,1013.8,79.5,4.6,11.5,-1.8,67.0,-999.0,213.5,-999.0
1939,4,-999.0,1016.2,185.9,10.8,16.8,4.9,74.0,-999.0,178.5,-999.0
1939,5,-999.0,1011.3,140.5,15.2,20.3,10.4,79.0,-999.0,177.1,-999.0
1939,6,-999.0,1008.4,86.3,19.3,24.4,14.9,82.0,-999.0,134.4,-999.0
1939,7,-999.0,1010.6,117.4,25.2,30.1,21.1,83.0,-999.0,167.7,-999.0
1939,8,-999.0,1010.0,408.2,24.1,28.9,20.8,86.0,-999.0,168.3,-999.0
1939,9,-999.0,1011.6,183.2,22.1,26.9,18.5,84.0,-999.0,133.8,-999.0
1939,10,-999.0,1017.0,99.4,16.3,21.4,12.0,80.0,-999.0,131.5,-999.0
1939,11,-999.0,1017.8,52.5,9.7,15.8,4.4,79.0,-999.0,149.9,-999.0
1939,12,-999.0,1020.6,5.1,2.7,10.4,-3.9,73.0,-999.0,209.7,-999.0
1940,1,-999.0,1010.0,0.2,-0.7,7.5,-7.2,67.0,-999.0,210.7,-999.0
1940,2,-999.0,1016.5,36.2,0.4,7.8,-5.5,68.0,-999.0,204.2,-999.0
1940,3,-999.0,1012.2,63.4,5.1,13.0,-1.4,66.0,-999.0,219.9,-999.0
1940,4,-999.0,1013.0,92.4,10.5,17.1,4.9,73.0,-999.0,188.5,-999.0
1940,5,-999.0,1011.3,97.7,15.2,22.1,9.0,76.0,-999.0,218.8,-999.0
1940,6,-999.0,1010.1,199.2,20.2,25.5,15.8,79.0,-999.0,164.6,-999.0
1940,7,-999.0,1010.2,113.2,25.1,30.2,20.9,81.0,-999.0,194.0,-999.0
1940,8,-999.0,1012.8,313.7,23.0,27.8,19.9,85.0,-999.0,151.2,-999.0
1940,9,-999.0,1012.1,120.8,19.9,25.0,16.0,82.0,-999.0,132.7,-999.0
1940,10,-999.0,1018.0,112.3,15.3,21.3,10.4,79.0,-999.0,178.8,-999.0
1940,11,-999.0,1019.4,48.4,10.2,16.2,4.6,79.0,-999.0,133.6,-999.0
1940,12,-999.0,1014.9,10.5,3.5,10.9,-2.7,74.0,-999.0,189.2,-999.0
1941,1,-999.0,1013.0,23.7,2.2,9.6,-4.0,68.0,-999.0,221.9,-999.0
1941,2,-999.0,1017.7,20.6,1.8,9.3,-5.1,67.0,-999.0,203.0,-999.0
1941,3,-999.0,1014.1,115.1,5.0,12.0,-0.5,71.0,-999.0,183.5,-999.0
1941,4,-999.0,1012.8,78.8,9.9,16.4,4.3,74.0,-999.0,193.0,-999.0
1941,5,-999.0,1012.9,222.5,15.3,21.0,9.8,77.0,-999.0,195.2,-999.0
1941,6,-999.0,1009.7,184.2,19.5,24.0,15.6,83.0,-999.0,104.9,-999.0
1941,7,-999.0,1007.2,628.6,22.2,26.4,19.2,88.0,-999.0,95.3,-999.0
1941,8,-999.0,1009.6,251.0,23.8,28.1,20.8,87.0,-999.0,127.5,-999.0
1941,9,-999.0,1013.4,194.6,19.2,23.7,15.7,83.0,-999.0,114.9,-999.0
1941,10,-999.0,1018.6,91.5,14.7,21.4,9.4,78.0,-999.0,200.5,-999.0
1941,11,-999.0,1020.2,101.6,9.9,15.4,5.4,77.0,-999.0,118.6,-999.0
1941,12,-999.0,1017.8,70.8,4.3,10.7,-1.2,75.0,-999.0,168.7,-999.0
1942,1,-999.0,1013.0,0.7,-0.2,7.6,-6.3,67.0,-999.0,232.7,-999.0
1942,2,-999.0,1016.8,75.2,-0.1,6.5,-5.3,71.0,-999.0,182.8,-999.0
1942,3,-999.0,1018.6,103.9,7.6,14.6,1.5,73.0,-999.0,196.6,-999.0
1942,4,-999.0,1016.0,118.4,10.6,18.4,4.0,71.0,-999.0,229.9,-999.0
1942,5,-999.0,1011.3,98.7,15.2,21.2,9.6,76.0,-999.0,209.0,-999.0
1942,6,-999.0,1009.2,184.6,20.3,25.4,15.9,81.0,-999.0,132.4,-999.0
1942,7,-999.0,1008.6,141.2,25.6,30.5,22.0,83.0,-999.0,183.1,-999.0
1942,8,-999.0,1009.3,166.3,24.7,29.4,21.4,85.0,-999.0,184.9,-999.0
1942,9,-999.0,1011.8,288.3,22.2,26.9,19.0,85.0,-999.0,138.1,-999.0
1942,10,-999.0,1016.1,156.0,13.8,20.3,8.6,77.0,-999.0,184.9,-999.0
1942,11,-999.0,1016.0,48.5,6.8,14.4,0.5,74.0,-999.0,213.8,-999.0
1942,12,-999.0,1014.5,13.8,2.6,9.9,-3.4,72.0,-999.0,217.4,-999.0
1943,1,-999.0,1014.8,24.5,-0.6,7.2,-6.9,66.0,-999.0,248.9,-999.0
1943,2,-999.0,1016.2,58.1,0.9,8.6,-5.5,65.0,-999.0,234.6,-999.0
1943,3,-999.0,1014.0,28.9,3.6,10.9,-1.9,68.0,-999.0,215.3,-999.0
1943,4,-999.0,1016.1,65.8,9.2,16.8,2.5,69.0,-999.0,233.0,-999.0
1943,5,-999.0,1012.0,107.8,15.5,22.0,10.1,79.0,-999.0,205.0,-999.0
1943,6,-999.0,1010.1,157.1,20.0,24.7,16.4,82.0,-999.0,131.7,-999.0
1943,7,-999.0,1012.5,209.7,23.7,28.2,20.8,84.0,-999.0,174.4,-999.0
1943,8,-999.0,1011.4,227.3,25.3,30.9,22.0,85.0,-999.0,218.7,-999.0
1943,9,-999.0,1013.3,190.5,22.0,26.7,18.7,85.0,-999.0,120.1,-999.0
1943,10,-999.0,1015.4,309.7,15.1,20.9,10.7,81.0,-999.0,156.1,-999.0
1943,11,-999.0,1018.6,23.9,7.8,15.2,1.9,79.0,-999.0,177.7,-999.0
1943,12,-999.0,1019.0,1.6,2.8,10.7,-3.5,73.0,-999.0,210.4,-999.0
1944,1,-999.0,1018.4,9.4,-0.6,7.6,-6.9,68.0,-999.0,220.0,-999.0
1944,2,-999.0,1014.5,10.5,0.2,7.6,-5.7,67.0,-999.0,207.6,-999.0
1944,3,-999.0,1012.9,57.6,3.2,10.1,-2.6,72.0,-999.0,194.3,-999.0
1944,4,-999.0,1013.2,164.1,8.0,14.4,2.7,75.0,-999.0,183.4,-999.0
1944,5,-999.0,1012.8,70.8,16.0,22.0,10.7,81.0,-999.0,192.9,-999.0
1944,6,-999.0,1009.0,136.5,20.7,26.2,16.5,83.0,-999.0,180.5,-999.0
1944,7,-999.0,1010.0,121.7,23.6,28.6,20.1,88.0,-999.0,145.6,-999.0
1944,8,-999.0,1012.0,194.5,25.3,30.8,21.7,85.0,-999.0,218.0,-999.0
1944,9,-999.0,1012.8,165.8,20.8,26.0,16.8,84.0,-999.0,149.0,-999.0
1944,10,-999.0,1017.6,239.2,14.7,19.7,10.5,86.0,-999.0,115.7,-999.0
1944,11,-999.0,1016.9,90.9,8.4,15.0,3.2,81.0,-999.0,162.5,-999.0
1944,12,-999.0,1014.0,12.0,1.6,8.8,-4.3,75.0,-999.0,207.1,-999.0
1945,1,-999.0,1013.4,7.5,-1.9,5.9,-8.5,71.0,-999.0,232.1,-999.0
1945,2,-999.0,1014.9,58.6,-1.4,5.5,-7.2,70.0,-999.0,196.4,-999.0
1945,3,-999.0,1018.5,61.8,4.0,10.9,-1.8,71.0,-999.0,229.3,-999.0
1945,4,-999.0,1014.2,96.3,10.6,18.7,3.3,71.0,-999.0,239.0,-999.0
1945,5,-999.0,1009.0,200.9,13.6,19.1,8.5,82.0,-999.0,176.6,-999.0
1945,6,-999.0,1009.7,255.6,19.3,23.8,15.8,83.0,-999.0,129.0,-999.0
1945,7,-999.0,1008.6,301.0,20.4,24.8,17.1,86.0,-999.0,139.9,-999.0
1945,8,-999.0,1013.3,154.2,25.3,30.2,21.9,87.0,-999.0,197.9,-999.0
1945,9,-999.0,1013.6,134.3,20.4,25.0,17.0,88.0,-999.0,89.3,-999.0
1945,10,-999.0,1018.4,475.9,15.1,-999.0,11.3,88.0,-999.0,116.7,-999.0
1945,11,-999.0,1016.2,110.1,8.9,16.2,3.2,80.0,-999.0,175.6,-999.0
1945,12,-999.0,1012.5,21.3,2.2,10.0,-3.7,73.0,-999.0,226.1,-999.0
1946,1,-999.0,1017.3,13.0,0.9,8.1,-5.3,70.0,-999.0,203.1,-999.0
1946,2,-999.0,1016.5,51.7,1.7,9.0,-4.4,69.0,-999.0,185.3,-999.0
1946,3,-999.0,1018.4,74.8,3.6,10.2,-2.0,73.0,-999.0,170.9,-999.0
1946,4,-999.0,1014.5,81.5,12.1,19.1,6.1,74.0,-999.0,195.8,-999.0
1946,5,-999.0,1013.2,89.7,14.9,20.1,10.2,80.0,-999.0,158.3,-999.0
1946,6,-999.0,1010.5,103.1,21.7,27.0,17.6,80.0,-999.0,173.1,-999.0
1946,7,-999.0,1008.5,277.9,24.5,29.3,20.9,84.0,-999.0,191.5,-999.0
1946,8,-999.0,1010.5,86.9,24.7,29.6,21.3,82.0,-999.0,215.6,-999.0
1946,9,-999.0,1012.6,129.8,20.6,25.6,16.4,81.0,-999.0,163.3,-999.0
1946,10,-999.0,1018.6,176.2,15.3,21.1,10.0,80.0,-999.0,163.3,-999.0
1946,11,-999.0,1019.0,96.3,10.5,16.3,5.6,79.0,-999.0,142.3,-999.0
1946,12,-999.0,1012.8,50.1,2.0,8.5,-3.6,76.0,-999.0,190.1,-999.0
1947,1,-999.0,1017.8,64.5,1.1,7.5,-4.6,76.0,-999.0,183.6,-999.0
1947,2,-999.0,1012.9,30.2,-0.4,7.3,-6.8,74.0,-999.0,217.9,-999.0
1947,3,-999.0,1015.4,51.0,3.7,11.3,-2.4,74.0,-999.0,223.2,-999.0
1947,4,-999.0,1011.6,72.4,10.3,18.2,3.5,70.0,-999.0,265.0,-999.0
1947,5,-999.0,1012.4,185.3,14.9,20.5,9.7,79.0,-999.0,213.4,-999.0
1947,6,-999.0,1010.1,208.8,17.9,21.9,15.0,86.0,-999.0,96.5,-999.0
1947,7,-999.0,1010.8,89.3,24.2,28.9,20.4,84.0,-999.0,176.8,-999.0
1947,8,-999.0,1012.6,216.2,25.9,31.4,21.7,84.0,-999.0,271.9,-999.0
1947,9,-999.0,1011.0,369.9,20.8,25.2,16.8,85.0,-999.0,130.0,-999.0
1947,10,-999.0,1017.3,64.3,13.4,18.8,9.0,82.0,-999.0,139.2,-999.0
1947,11,-999.0,1018.5,15.8,7.5,14.8,1.0,75.0,-999.0,203.6,-999.0
1947,12,-999.0,1016.6,32.8,1.5,8.0,-4.4,71.0,-999.0,189.6,-999.0
1948,1,-999.0,1015.8,37.5,1.5,8.7,-4.4,72.0,-999.0,210.3,-999.0
1948,2,-999.0,1016.0,44.7,2.0,9.2,-4.4,71.0,-999.0,214.8,-999.0
1948,3,-999.0,1019.0,69.6,3.7,10.1,-1.8,74.0,-999.0,190.5,-999.0
1948,4,-999.0,1016.0,138.7,11.9,17.8,6.7,80.0,-999.0,180.8,-999.0
1948,5,-999.0,1013.8,71.3,16.4,21.7,11.3,83.0,-999.0,181.4,-999.0
1948,6,-999.0,1009.0,264.6,20.2,24.8,16.1,85.0,-999.0,142.1,-999.0
1948,7,-999.0,1010.0,322.0,24.4,29.0,21.5,88.0,-999.0,157.5,-999.0
1948,8,-999.0,1010.0,418.3,24.2,28.6,21.4,88.0,-999.0,153.0,-999.0
1948,9,-999.0,1013.6,411.2,21.3,26.1,17.5,84.0,-999.0,138.3,-999.0
1948,10,-999.0,1018.5,84.8,15.1,20.3,10.9,84.0,-999.0,130.5,-999.0
1948,11,-999.0,1021.0,90.5,9.1,15.6,3.7,79.0,-999.0,174.4,-999.0
1948,12,-999.0,1019.7,37.2,5.4,11.9,-0.1,77.0,-999.0,171.1,-999.0
1949,1,-999.0,1014.1,30.7,2.9,10.4,-3.4,70.0,-999.0,212.4,-999.0
1949,2,-999.0,1010.9,83.1,4.1,10.2,-1.1,71.0,-999.0,165.5,-999.0
1949,3,-999.0,1015.0,24.8,3.7,10.6,-2.3,66.0,-999.0,214.8,-999.0
1949,4,-999.0,1013.4,110.4,9.1,15.6,2.9,70.0,-999.0,222.4,-999.0
1949,5,-999.0,1012.2,128.2,16.2,22.3,10.2,78.0,-999.0,222.5,-999.0
1949,6,-999.0,1010.6,215.3,17.8,22.1,14.6,83.0,-999.0,91.0,-999.0
1949,7,-999.0,1010.6,144.6,23.6,28.3,20.1,83.0,-999.0,160.9,-999.0
1949,8,-999.0,1010.0,229.2,25.0,29.7,21.5,83.0,-999.0,197.5,-999.0
1949,9,-999.0,1013.6,160.3,20.5,25.4,16.8,85.0,-999.0,144.0,-999.0
1949,10,-999.0,1016.4,203.0,14.1,19.1,9.7,83.0,-999.0,134.6,-999.0
1949,11,-999.0,1020.8,110.2,7.5,14.0,1.8,78.0,-999.0,143.5,-999.0
1949,12,-999.0,1015.6,62.6,3.8,9.7,-1.3,74.0,-999.0,185.3,-999.0
1950,1,-999.0,1012.6,84.4,2.3,8.2,-3.0,73.0,-999.0,185.4,-999.0
1950,2,-999.0,1015.3,71.6,2.0,8.0,-3.3,69.0,-999.0,177.8,-999.0
1950,3,-999.0,1015.3,52.1,5.0,11.9,-0.6,69.0,-999.0,199.8,-999.0
1950,4,-999.0,1015.3,196.6,12.0,17.7,7.3,75.0,-999.0,168.7,-999.0
1950,5,-999.0,1012.6,161.9,17.2,22.5,12.6,81.0,-999.0,178.5,-999.0
1950,6,-999.0,1008.6,360.0,20.3,23.9,17.4,86.0,-999.0,105.7,-999.0
1950,7,-999.0,1010.2,251.4,25.0,29.6,21.5,83.0,-999.0,200.2,-999.0
1950,8,-999.0,1007.7,384.0,25.0,29.3,21.8,86.0,-999.0,182.1,-999.0
1950,9,-999.0,1012.6,53.8,22.0,27.0,18.4,83.0,-999.0,176.3,-999.0
1950,10,-999.0,1017.3,114.9,13.8,19.1,9.4,80.0,-999.0,148.2,-999.0
1950,11,-999.0,1017.3,88.4,9.2,14.8,4.2,77.0,-999.0,130.0,-999.0
1950,12,-999.0,1015.3,84.2,2.8,9.4,-2.7,71.0,-999.0,207.8,-999.0
1951,1,1002.5,1017.7,31.9,0.2,6.9,-5.4,70.0,2.6,218.4,-999.0
1951,2,1000.8,1015.9,45.1,2.0,8.2,-3.6,69.0,3.2,180.4,-999.0
1951,3,1000.3,1015.1,144.8,6.1,12.3,0.4,71.0,2.8,200.2,-999.0
1951,4,1001.0,1015.6,135.1,10.9,16.9,4.8,74.0,3.1,181.9,-999.0
1951,5,997.4,1011.7,97.0,15.6,21.5,10.0,80.0,2.6,198.6,-999.0
1951,6,993.8,1007.8,229.9,19.6,24.7,15.1,81.0,2.5,187.1,-999.0
1951,7,996.4,1010.3,167.8,23.1,27.1,19.7,86.0,2.2,153.3,-999.0
1951,8,997.4,1011.2,127.6,25.2,30.0,21.7,85.0,2.0,176.6,-999.0
1951,9,998.9,1013.0,142.6,18.8,23.4,15.0,83.0,2.2,137.8,-999.0
1951,10,1001.8,1016.1,137.4,15.5,20.8,11.5,83.0,2.7,157.6,-999.0
1951,11,1001.7,1016.4,67.3,8.4,15.0,3.0,77.0,2.6,196.0,-999.0
1951,12,1001.4,1016.4,31.2,4.3,11.8,-1.8,75.0,2.1,203.7,-999.0
1952,1,1000.1,1015.2,60.1,1.6,7.9,-3.7,71.0,2.6,203.6,-999.0
1952,2,1002.2,1017.5,66.6,-0.2,5.1,-5.1,73.0,2.8,146.7,-999.0
1952,3,999.0,1013.9,127.9,5.1,10.9,0.0,73.0,3.2,178.3,-999.0
1952,4,1001.1,1015.8,133.0,10.5,16.4,5.4,77.0,3.3,170.1,-999.0
1952,5,998.5,1012.8,114.8,15.8,21.9,9.9,75.0,2.9,255.5,-999.0
1952,6,994.1,1008.1,219.8,20.0,24.6,15.8,82.0,2.6,144.1,-999.0
1952,7,994.7,1008.6,211.8,23.3,27.4,20.2,86.0,2.4,136.2,-999.0
1952,8,996.3,1010.1,168.7,25.1,29.6,21.8,85.0,2.4,167.2,-999.0
1952,9,998.5,1012.5,110.7,20.8,25.1,17.8,85.0,1.9,117.2,-999.0
1952,10,1002.6,1017.0,104.7,15.1,20.3,10.9,79.0,2.6,142.5,-999.0
1952,11,1004.7,1019.5,92.5,9.8,15.9,4.5,79.0,2.4,160.2,-999.0
1952,12,1003.5,1018.7,8.3,2.4,9.4,-3.0,75.0,2.5,187.4,-999.0
1953,1,999.2,1014.3,28.1,0.7,7.2,-4.9,65.0,2.9,213.7,1.0
1953,2,1004.7,1020.0,35.0,1.2,7.7,-4.6,67.0,2.6,180.8,17.0
1953,3,998.6,1013.5,73.0,6.9,12.8,1.6,70.0,3.1,180.0,8.0
1953,4,1000.8,1015.4,58.4,10.0,16.5,4.0,67.0,3.0,228.4,0.0
1953,5,999.3,1013.6,248.1,15.5,20.8,10.9,78.0,2.8,178.0,0.0
1953,6,994.1,1008.1,225.6,19.4,23.4,16.1,85.0,2.5,77.6,0.0
1953,7,995.8,1009.7,208.6,23.2,26.6,20.5,85.0,2.1,98.7,0.0
1953,8,996.0,1009.8,194.9,23.5,27.4,20.8,85.0,2.6,104.0,0.0
1953,9,999.2,1013.2,239.5,20.5,24.5,17.4,85.0,2.2,87.0,0.0
1953,10,1003.2,1017.6,127.5,15.2,21.1,10.5,78.0,2.0,180.4,0.0
1953,11,1003.3,1018.1,8.7,7.3,14.0,2.0,71.0,2.1,186.5,0.0
1953,12,1005.6,1020.7,60.6,4.9,11.3,-0.2,74.0,2.1,154.4,0.0
1954,1,1000.9,1016.0,47.8,1.8,7.5,-3.2,71.0,2.7,127.7,40.0
1954,2,1001.6,1016.7,27.9,3.3,10.3,-2.8,67.0,2.5,202.9,10.0
1954,3,1002.8,1017.8,102.2,5.7,12.0,-0.3,64.0,3.1,204.9,24.0
1954,4,999.8,1014.2,189.7,12.8,18.2,7.5,74.0,3.0,168.3,0.0
1954,5,998.0,1012.3,131.3,15.7,21.2,10.7,75.0,2.8,176.0,0.0
1954,6,996.4,1010.6,294.2,16.7,20.4,13.6,85.0,2.7,69.7,0.0
1954,7,995.6,1009.6,162.7,21.2,25.0,18.5,84.0,2.6,81.3,0.0
1954,8,997.0,1010.8,154.5,25.3,29.6,22.4,83.0,2.2,141.8,0.0
1954,9,998.1,1012.0,297.5,22.7,26.9,19.6,84.0,2.9,124.6,0.0
1954,10,1003.2,1017.7,116.4,13.8,19.0,10.2,79.0,2.6,138.8,0.0
1954,11,1004.7,1019.4,80.4,9.0,15.6,3.2,74.0,2.6,173.3,0.0
1954,12,1004.2,1019.2,15.7,4.4,10.8,-0.8,70.0,2.5,170.5,0.0
1955,1,1001.4,1016.6,24.4,0.7,8.3,-5.7,65.0,2.8,234.6,0.0
1955,2,997.5,1012.5,85.3,3.5,10.7,-2.7,65.0,3.0,186.1,0.0
1955,3,1003.9,1018.8,137.7,6.6,11.7,1.8,74.0,2.6,117.6,0.0
1955,4,1001.0,1015.6,76.7,11.6,17.1,6.4,74.0,2.2,161.0,0.0
1955,5,996.8,1011.1,171.3,16.2,21.1,11.8,81.0,2.5,151.7,0.0
1955,6,994.9,1008.9,158.1,21.3,26.0,17.1,80.0,2.0,131.4,0.0
1955,7,995.7,1009.4,68.9,25.8,30.3,22.1,83.0,1.9,196.1,0.0
1955,8,996.7,1010.5,256.8,24.6,29.1,21.4,84.0,2.2,170.5,0.0
1955,9,998.9,1013.0,259.3,20.2,24.7,16.4,82.0,2.4,127.3,0.0
1955,10,1000.4,1014.9,244.8,15.7,20.4,12.1,82.0,3.0,127.9,0.0
1955,11,1004.4,1019.2,42.2,8.3,15.4,2.3,76.0,2.1,205.1,0.0
1955,12,999.1,1014.1,19.1,4.9,12.5,-1.3,71.0,2.6,219.0,0.0
1956,1,996.9,1012.0,58.5,1.3,7.4,-4.3,74.0,2.3,206.1,21.0
1956,2,996.6,1011.6,15.8,1.6,8.0,-4.1,66.0,2.9,198.7,9.0
1956,3,1002.2,1017.1,99.5,6.1,11.9,1.0,75.0,2.3,161.4,5.0
1956,4,999.3,1013.9,143.5,11.0,16.9,5.5,73.0,3.2,216.3,7.0
1956,5,999.0,1013.3,219.7,15.9,21.0,11.1,78.0,2.7,180.1,0.0
1956,6,994.8,1008.8,122.6,20.5,24.9,16.9,80.0,2.4,141.0,0.0
1956,7,994.8,1008.7,135.7,22.9,27.0,19.6,84.0,1.8,138.1,0.0
1956,8,995.1,1008.9,133.2,23.5,28.3,19.9,80.0,2.0,172.9,0.0
1956,9,1000.6,1014.7,187.0,21.0,26.0,17.6,84.0,2.5,150.6,0.0
1956,10,1004.8,1019.1,185.2,15.8,20.9,12.3,82.0,2.3,95.2,0.0
1956,11,1004.8,1019.5,68.6,9.2,15.5,4.3,76.0,2.3,174.7,0.0
1956,12,1002.0,1017.1,4.8,1.4,9.2,-5.1,69.0,2.4,238.4,0.0
1957,1,1002.0,1017.0,5.5,2.2,9.3,-3.7,65.0,2.3,197.7,3.0
1957,2,1002.1,1017.3,52.8,1.8,7.4,-3.7,66.0,3.2,157.3,21.0
1957,3,997.7,1012.7,55.3,4.0,11.2,-3.0,60.0,2.9,246.4,2.0
1957,4,1001.1,1015.6,67.8,12.0,18.1,6.3,73.0,2.4,187.7,0.0
1957,5,997.7,1012.1,153.6,15.2,20.5,10.0,78.0,2.6,201.5,0.0
1957,6,995.2,1009.3,187.8,18.4,22.8,14.6,82.0,2.5,115.1,0.0
1957,7,993.8,1007.7,262.5,22.8,26.5,20.2,87.0,1.8,73.5,0.0
1957,8,996.5,1010.2,279.6,25.5,30.0,22.5,85.0,2.3,137.9,0.0
1957,9,998.9,1013.1,283.8,19.1,23.1,16.0,84.0,2.2,97.6,0.0
1957,10,1000.8,1015.2,106.5,15.1,20.6,10.7,79.0,2.4,174.5,0.0
1957,11,1005.3,1020.0,26.3,10.4,17.0,4.7,73.0,1.8,204.6,0.0
1957,12,1001.3,1016.3,53.3,5.2,11.9,-0.4,74.0,2.0,183.2,0.0
1958,1,1002.0,1017.1,37.2,2.0,8.6,-3.6,67.0,2.6,212.6,0.0
1958,2,1001.0,1016.0,36.6,3.3,10.2,-2.6,68.0,2.9,196.8,1.0
1958,3,999.6,1014.4,47.2,5.9,12.5,0.3,69.0,2.7,208.4,22.0
1958,4,1000.7,1015.3,58.3,11.5,17.5,6.0,71.0,2.7,174.4,0.0
1958,5,997.8,1012.0,78.0,16.1,22.3,10.8,74.0,2.5,232.0,0.0
1958,6,995.5,1009.6,171.4,20.5,25.6,16.5,80.0,2.1,150.2,0.0
1958,7,994.7,1008.5,221.7,23.4,27.6,20.5,85.0,2.1,127.9,0.0
1958,8,997.1,1010.9,239.0,23.9,28.4,21.1,84.0,1.9,137.7,0.0
1958,9,997.0,1011.0,496.1,21.2,26.3,18.2,84.0,2.6,122.8,0.0
1958,10,1004.6,1019.1,191.3,14.1,19.8,10.5,84.0,2.2,117.0,0.0
1958,11,1005.6,1020.4,46.1,8.7,14.5,4.4,78.0,2.4,135.5,0.0
1958,12,1002.3,1017.2,112.6,4.8,12.3,-0.6,77.0,2.4,202.0,0.0
1959,1,999.6,1014.7,49.0,0.9,7.0,-4.2,73.0,2.3,181.9,19.0
1959,2,1005.4,1020.3,79.0,4.9,10.5,0.4,76.0,2.3,140.8,0.0
1959,3,1003.4,1018.3,126.5,6.5,12.3,1.6,74.0,3.0,173.7,0.0
1959,4,999.9,1014.4,139.5,12.8,18.6,7.5,72.0,2.9,207.2,0.0
1959,5,997.6,1011.9,100.5,16.5,22.1,11.4,77.0,2.8,198.7,0.0
1959,6,994.9,1008.9,191.5,18.8,23.0,15.8,83.0,2.4,119.4,0.0
1959,7,993.7,1007.5,133.5,24.4,28.5,21.3,84.0,2.1,147.1,0.0
1959,8,993.6,1007.3,347.1,24.8,29.0,22.0,85.0,2.5,159.9,0.0
1959,9,997.7,1011.6,129.6,22.1,26.1,19.3,83.0,2.3,109.3,0.0
1959,10,1002.8,1017.1,159.5,15.7,20.5,11.8,81.0,2.4,144.8,0.0
1959,11,1005.0,1019.7,107.0,9.8,15.3,5.2,79.0,2.1,147.3,0.0
1959,12,1003.9,1018.9,82.3,4.3,11.2,-1.2,75.0,2.3,196.7,0.0
1960,1,999.8,1014.9,22.8,1.5,8.5,-4.7,68.0,2.4,231.2,2.0
1960,2,1001.4,1016.4,6.6,3.9,11.8,-2.7,62.0,2.6,230.1,0.0
1960,3,1000.1,1014.9,71.6,6.6,13.7,0.5,65.0,2.8,211.7,5.0
1960,4,1000.6,1015.2,98.6,10.7,16.4,5.5,68.0,3.0,202.8,0.0
1960,5,997.0,1011.2,152.5,16.1,21.1,11.9,79.0,2.7,189.5,0.0
1960,6,996.8,1010.8,62.1,20.1,24.5,16.4,78.0,2.4,148.3,0.0
1960,7,995.2,1009.0,140.8,24.2,28.7,20.9,82.0,2.2,173.1,0.0
1960,8,997.7,1011.5,250.8,25.0,29.4,22.0,83.0,2.9,167.8,0.0
1960,9,1000.5,1014.6,132.4,21.4,26.0,18.2,83.0,2.1,132.8,0.0
1960,10,1003.9,1018.3,126.5,15.0,20.3,10.5,76.0,2.9,146.7,0.0
1960,11,1003.3,1018.0,70.9,9.8,15.3,5.2,79.0,2.3,140.3,0.0
1960,12,999.8,1014.8,45.8,3.8,10.8,-1.9,71.0,2.6,205.5,0.0
1961,1,1000.9,1016.1,14.4,0.6,7.3,-4.9,67.0,2.3,213.4,4.0
1961,2,997.4,1012.4,20.9,1.5,8.7,-4.3,63.0,2.5,193.6,0.0
1961,3,1002.9,1017.9,80.7,5.7,12.2,0.0,67.0,2.7,205.6,10.0
1961,4,1000.1,1014.6,130.9,12.7,19.0,7.2,68.0,2.6,221.0,0.0
1961,5,997.7,1011.9,57.7,18.0,23.1,13.5,76.0,2.2,188.5,0.0
1961,6,996.0,1010.0,368.5,20.6,25.2,16.7,80.0,2.2,155.7,0.0
1961,7,995.2,1008.9,108.1,25.4,30.0,22.2,83.0,1.7,180.4,0.0
1961,8,996.5,1010.3,91.2,24.8,29.0,22.0,84.0,1.5,141.3,0.0
1961,9,1000.2,1014.1,75.7,23.3,28.2,19.7,79.0,2.2,157.4,0.0
1961,10,1002.7,1017.0,173.8,16.8,20.7,14.1,81.0,2.7,93.5,0.0
1961,11,1005.4,1020.1,66.9,9.8,16.1,4.6,73.0,2.3,181.5,0.0
1961,12,999.8,1014.8,23.0,3.6,11.0,-2.3,71.0,2.3,214.0,0.0
1962,1,995.7,1010.7,29.6,1.4,8.5,-4.6,68.0,2.2,226.7,0.0
1962,2,1000.1,1015.1,10.0,2.5,10.3,-4.3,61.0,2.2,222.2,5.0
1962,3,997.8,1012.6,34.7,5.5,12.5,-0.7,62.0,2.7,222.7,1.0
1962,4,1001.7,1016.3,93.9,11.8,18.1,6.3,66.0,2.8,218.0,0.0
1962,5,997.4,1011.7,171.2,16.6,22.0,11.7,75.0,2.4,197.1,0.0
1962,6,995.4,1009.4,216.6,19.4,23.5,16.0,81.0,2.1,126.6,0.0
1962,7,996.1,1010.0,178.3,23.7,27.7,21.0,86.0,2.1,117.3,0.0
1962,8,997.0,1010.7,186.4,26.0,31.4,22.4,79.0,2.7,238.2,0.0
1962,9,999.6,1013.6,65.9,22.0,26.8,18.5,79.0,1.9,168.2,0.0
1962,10,1003.5,1017.9,124.1,14.6,19.9,10.4,76.0,2.1,160.5,0.0
1962,11,1005.3,1020.1,58.4,9.0,14.4,4.6,77.0,1.9,133.9,0.0
1962,12,1001.5,1016.5,44.8,3.6,11.3,-2.3,72.0,1.9,204.2,0.0
1963,1,988.7,1003.7,2.8,0.0,8.1,-6.9,61.0,2.4,247.1,2.0
1963,2,999.4,1014.4,15.3,1.6,8.8,-4.5,63.0,2.2,218.7,7.0
1963,3,1000.8,1015.7,85.9,5.3,11.6,-0.1,67.0,2.7,201.8,13.0
1963,4,1004.9,1019.5,73.3,11.8,17.8,6.9,74.0,2.3,179.2,0.0
1963,5,999.5,1013.8,123.9,16.6,20.8,13.2,81.0,2.0,109.0,0.0
1963,6,998.1,1012.2,203.0,20.6,24.7,17.6,83.0,2.2,95.0,0.0
1963,7,996.9,1010.7,204.4,23.7,27.8,20.8,85.0,2.0,107.1,0.0
1963,8,994.5,1008.3,113.8,24.7,29.4,21.7,83.0,1.9,148.3,0.0
1963,9,997.8,1012.0,76.3,19.2,24.0,15.5,79.0,1.8,136.1,0.0
1963,10,1003.7,1018.1,202.0,14.6,19.7,10.6,77.0,2.6,152.8,0.0
1963,11,1003.5,1018.2,66.7,9.3,15.6,4.2,75.0,1.8,187.9,0.0
1963,12,1002.3,1017.3,17.6,4.5,11.5,-1.0,73.0,1.9,198.4,0.0
1964,1,1003.5,1018.7,86.1,2.2,8.0,-3.1,72.0,2.0,159.4,3.0
1964,2,1004.9,1020.0,42.1,1.7,6.9,-3.0,65.0,2.4,165.3,13.0
1964,3,1001.2,1016.2,78.1,4.9,11.4,-0.7,65.0,2.6,210.8,2.0
1964,4,1005.6,1020.1,69.2,13.4,18.5,8.8,80.0,2.2,132.4,0.0
1964,5,1000.5,1014.8,109.6,17.0,22.3,11.7,74.0,2.3,192.7,0.0
1964,6,994.0,1008.0,89.0,20.0,24.2,16.1,79.0,2.0,157.7,0.0
1964,7,994.6,1008.4,167.3,24.0,27.9,20.8,86.0,1.6,115.3,0.0
1964,8,995.9,1009.6,282.7,25.8,30.0,22.7,84.0,2.0,145.8,0.0
1964,9,999.3,1013.4,150.1,20.2,23.9,17.1,85.0,2.1,90.3,0.0
1964,10,1005.5,1020.0,128.4,13.9,19.0,9.0,80.0,2.1,157.9,0.0
1964,11,1002.1,1016.9,31.6,8.5,15.1,2.0,71.0,1.9,196.4,0.0
1964,12,1004.3,1019.3,43.9,4.1,10.9,-1.8,71.0,2.0,184.5,0.0
1965,1,999.8,1014.9,34.4,1.5,8.8,-4.9,68.0,2.1,212.4,12.0
1965,2,998.8,1013.8,8.5,2.1,9.7,-4.9,61.0,2.2,232.5,0.0
1965,3,998.3,1013.3,24.6,4.1,11.3,-2.7,58.0,2.8,255.5,0.0
1965,4,999.4,1014.1,69.4,9.0,15.3,2.3,61.0,2.4,193.6,0.0
1965,5,997.5,1011.8,342.7,15.9,21.1,10.7,76.0,2.7,191.7,0.0
1965,6,995.2,1009.2,193.2,20.6,24.8,17.0,81.0,2.1,132.8,0.0
1965,7,993.3,1007.2,95.8,23.1,26.8,20.0,85.0,1.7,98.2,0.0
1965,8,996.7,1010.4,242.6,25.4,30.2,21.4,79.0,2.0,217.6,0.0
1965,9,996.4,1010.5,149.0,20.5,25.2,15.9,80.0,2.4,139.9,0.0
1965,10,1003.6,1018.0,83.7,14.4,20.5,8.6,72.0,2.3,204.1,0.0
1965,11,1003.3,1018.0,104.2,9.5,16.0,3.4,74.0,2.0,178.9,0.0
1965,12,1000.0,1015.0,66.2,3.7,10.1,-2.0,70.0,2.2,179.9,0.0
1966,1,999.3,1014.5,19.1,0.9,8.0,-5.4,64.0,2.2,227.8,0.0
1966,2,1000.2,1015.2,96.8,4.1,11.1,-2.1,64.0,2.5,184.9,0.0
1966,3,996.3,1011.1,115.8,7.0,12.5,1.1,65.0,2.6,179.6,1.0
1966,4,1000.4,1014.9,120.8,11.6,16.7,6.5,72.0,2.3,150.1,0.0
1966,5,998.1,1012.4,132.2,15.8,21.8,9.6,72.0,2.4,218.5,0.0
1966,6,996.6,1010.7,277.7,18.7,22.7,14.8,82.0,2.4,108.8,0.0
1966,7,995.2,1009.1,131.4,23.4,27.2,20.3,86.0,1.4,105.2,0.0
1966,8,996.1,1009.9,99.7,25.1,29.6,21.7,82.0,1.8,157.4,0.0
1966,9,997.2,1011.2,442.0,21.2,25.1,18.0,82.0,2.5,111.4,0.0
1966,10,1001.5,1015.8,83.0,16.3,21.7,11.2,76.0,1.9,198.7,0.0
1966,11,1002.4,1017.1,15.8,9.4,15.7,3.2,72.0,1.7,173.0,0.0
1966,12,1001.6,1016.7,5.9,2.4,9.2,-3.5,68.0,1.8,210.0,0.0
1967,1,1000.3,1015.5,27.0,0.5,7.3,-5.6,64.0,2.2,211.7,2.0
1967,2,1003.3,1018.5,38.4,1.6,7.6,-3.9,70.0,2.1,175.5,29.0
1967,3,1000.9,1015.8,58.5,6.1,13.0,-0.7,64.0,2.3,223.7,0.0
1967,4,1004.3,1018.9,126.9,11.6,17.2,5.3,66.0,2.3,160.4,0.0
1967,5,998.3,1012.5,89.9,17.7,23.7,12.2,71.0,2.1,254.8,0.0
1967,6,992.5,1006.4,235.5,20.7,26.0,16.6,77.0,1.9,187.4,0.0
1967,7,994.0,1007.8,202.4,24.4,28.6,21.2,84.0,1.7,139.3,0.0
1967,8,993.5,1007.2,58.4,25.7,30.4,22.0,79.0,1.7,171.2,0.0
1967,9,996.9,1010.9,241.9,21.0,25.1,17.8,81.0,2.7,103.8,0.0
1967,10,1002.0,1016.4,124.2,14.5,19.3,9.8,76.0,2.0,143.7,0.0
1967,11,1006.8,1021.6,41.3,9.0,14.4,4.0,75.0,1.0,159.4,0.0
1967,12,1001.4,1016.4,26.8,3.1,9.6,-2.6,69.0,1.4,209.2,0.0
1968,1,996.4,1011.5,3.0,1.3,8.7,-5.6,64.0,1.3,248.4,0.0
1968,2,1001.0,1016.2,37.0,0.6,8.0,-6.4,61.0,1.9,221.6,23.0
1968,3,999.9,1014.7,73.5,6.8,12.7,0.8,67.0,2.3,171.2,0.0
1968,4,1003.6,1018.2,112.0,11.9,18.1,5.7,70.0,2.4,191.3,0.0
1968,5,997.3,1011.6,242.5,15.7,20.9,10.6,75.0,2.5,182.4,0.0
1968,6,997.2,1011.3,223.0,20.3,25.5,15.9,79.0,2.3,168.2,0.0
1968,7,993.6,1007.5,315.0,23.3,27.6,20.0,85.0,2.0,125.7,0.0
1968,8,994.6,1008.4,243.5,24.6,28.8,21.3,85.0,1.9,116.4,0.0
1968,9,1001.6,1015.7,51.5,20.2,25.0,16.0,79.0,2.1,143.3,0.0
1968,10,1001.7,1016.1,106.5,14.2,18.7,9.7,78.0,2.5,119.1,0.0
1968,11,1004.8,1019.5,20.5,10.6,17.5,3.7,71.0,1.9,219.2,0.0
1968,12,1000.6,1015.4,172.0,6.7,12.7,0.7,75.0,2.1,163.9,0.0
1969,1,999.6,1014.8,55.5,1.8,8.3,-4.1,72.0,2.1,184.1,10.0
1969,2,1002.0,1017.1,66.0,2.9,8.0,-2.1,70.0,2.4,127.5,32.0
1969,3,1001.2,1016.1,113.5,5.1,10.9,-0.9,64.0,2.7,195.9,47.0
1969,4,1000.3,1014.9,61.5,12.1,18.0,5.6,70.0,2.7,180.4,0.0
1969,5,995.1,1009.3,91.0,17.0,23.2,10.8,68.0,2.4,234.9,0.0
1969,6,994.3,1008.4,209.5,20.2,25.3,15.3,77.0,2.4,167.3,0.0
1969,7,997.1,1011.0,156.5,23.0,27.0,19.4,83.0,2.2,123.0,0.0
1969,8,995.3,1009.0,160.5,25.1,29.8,21.2,82.0,2.1,161.7,0.0
1969,9,1000.1,1014.1,205.0,20.7,25.5,16.4,80.0,1.9,134.9,0.0
1969,10,1002.1,1016.5,125.5,14.5,19.6,9.3,73.0,2.4,153.1,0.0
1969,11,1004.5,1019.3,70.0,9.5,15.4,3.7,72.0,2.1,159.7,0.0
1969,12,1002.0,1017.0,1.5,2.9,10.5,-4.2,68.0,2.1,231.9,0.0
1970,1,1000.2,1015.4,44.5,0.5,7.6,-6.4,66.0,2.1,220.0,6.0
1970,2,1000.9,1016.0,38.5,2.4,9.0,-4.2,63.0,2.4,199.9,25.0
1970,3,1000.3,1015.3,45.5,2.6,9.1,-4.2,59.0,2.6,261.7,13.0
1970,4,1003.7,1018.3,49.0,10.9,17.1,4.7,67.0,2.7,176.0,0.0
1970,5,998.7,1013.0,154.5,17.6,23.4,12.0,71.0,2.5,225.0,0.0
1970,6,997.8,1011.9,124.0,19.5,24.0,15.4,79.0,2.0,136.5,0.0
1970,7,995.1,1008.9,43.0,23.9,28.5,20.0,80.0,2.3,151.7,0.0
1970,8,998.0,1011.8,158.0,24.9,30.0,21.0,81.0,2.3,193.7,0.0
1970,9,999.7,1013.7,141.5,21.2,25.6,17.6,82.0,1.8,104.4,0.0
1970,10,1004.5,1018.9,64.5,14.7,20.3,9.4,77.0,1.9,153.4,0.0
1970,11,1002.4,1017.2,137.5,8.9,15.1,2.9,74.0,2.2,174.1,0.0
1970,12,1001.4,1016.5,21.0,2.5,9.3,-3.6,70.0,1.8,175.9,4.0
1971,1,999.3,1014.4,23.0,1.7,8.4,-4.5,65.0,2.4,218.0,12.0
1971,2,1001.9,1017.0,23.0,2.4,9.1,-4.1,64.0,2.1,195.8,1.0
1971,3,1000.4,1015.3,47.0,5.2,11.9,-1.6,59.0,2.6,242.8,8.0
1971,4,1001.3,1015.9,138.0,11.2,16.8,5.7,67.0,2.4,169.3,0.0
1971,5,998.7,1013.0,100.5,16.0,21.6,11.7,74.0,2.2,172.8,0.0
1971,6,994.1,1008.1,137.0,20.0,24.3,16.4,81.0,1.9,114.4,0.0
1971,7,993.2,1006.9,226.5,24.4,29.1,21.0,83.0,1.9,134.4,0.0
1971,8,996.2,1009.9,291.5,25.2,30.1,21.6,79.0,2.6,176.7,0.0
1971,9,998.6,1012.7,301.5,19.6,23.8,16.3,83.0,2.4,81.6,0.0
1971,10,1003.2,1017.7,145.0,13.7,18.5,9.3,78.0,1.9,127.4,0.0
1971,11,1004.4,1019.2,26.5,8.7,15.6,2.7,72.0,1.9,183.3,0.0
1971,12,1003.4,1018.5,41.5,4.0,11.1,-2.3,69.0,2.0,205.4,0.0
1972,1,1004.4,1019.5,57.0,3.8,9.6,-1.9,71.0,2.4,183.0,0.0
1972,2,999.1,1014.2,140.0,3.1,8.0,-1.8,67.0,2.6,151.7,15.0
1972,3,999.9,1014.7,39.0,6.8,13.1,0.2,65.0,2.6,215.1,0.0
1972,4,1003.1,1017.7,134.0,11.8,17.3,6.1,71.0,2.7,198.2,0.0
1972,5,996.3,1010.5,82.0,16.8,22.6,11.2,71.0,2.4,219.9,0.0
1972,6,995.1,1009.1,100.0,20.1,25.1,15.7,77.0,2.2,153.9,0.0
1972,7,995.2,1009.0,134.0,24.1,28.5,20.8,82.0,2.4,147.1,0.0
1972,8,996.4,1010.2,139.0,25.1,30.2,21.2,79.0,2.1,206.1,0.0
1972,9,998.7,1012.7,326.5,21.0,26.0,16.9,78.0,2.2,184.4,0.0
1972,10,1002.9,1017.3,34.0,15.9,21.5,10.4,72.0,2.0,185.7,0.0
1972,11,1001.8,1016.6,48.5,9.1,15.3,3.0,70.0,2.0,180.2,0.0
1972,12,1002.5,1017.5,38.5,4.7,11.3,-1.0,70.0,2.2,194.4,0.0
1973,1,1003.3,1018.3,68.0,3.4,9.4,-2.0,70.0,2.2,213.5,1.0
1973,2,1000.5,1015.5,39.5,3.9,10.6,-2.4,65.0,2.1,215.5,0.0
1973,3,999.5,1014.4,9.5,5.0,11.3,-1.3,56.0,2.6,257.5,0.0
1973,4,999.6,1014.1,112.0,13.7,19.3,8.2,71.0,2.4,188.5,0.0
1973,5,998.6,1012.9,124.0,15.8,21.6,9.9,69.0,2.1,236.5,0.0
1973,6,995.6,1009.7,325.0,18.4,22.4,15.4,81.0,2.2,109.5,0.0
1973,7,996.8,1010.6,23.0,24.8,29.7,20.6,77.0,2.0,208.8,0.0
1973,8,999.0,1012.8,63.5,26.5,32.0,22.5,79.0,2.0,226.8,0.0
1973,9,998.8,1012.8,194.0,20.9,25.6,16.9,79.0,2.0,168.2,0.0
1973,10,1003.5,1018.0,108.5,14.5,19.5,9.3,76.0,1.9,181.2,0.0
1973,11,1000.3,1015.1,67.0,7.8,14.3,1.4,66.0,2.2,220.3,0.0
1973,12,998.2,1013.3,0.0,1.9,9.4,-5.0,58.0,2.1,255.6,0.0
1974,1,998.8,1014.0,19.5,0.1,7.0,-6.7,55.0,1.9,264.4,15.0
1974,2,1000.5,1015.7,32.0,1.7,7.0,-3.4,65.0,2.2,169.6,23.0
1974,3,1002.1,1017.1,42.5,4.5,10.2,-1.2,63.0,2.5,209.3,7.0
1974,4,998.4,1012.9,132.0,12.1,18.5,6.0,66.0,2.8,219.8,0.0
1974,5,999.6,1013.9,73.0,16.9,22.6,10.9,71.0,2.2,240.8,0.0
1974,6,993.5,1007.6,279.5,19.9,24.3,16.1,81.0,2.0,112.3,0.0
1974,7,995.7,1009.7,207.0,21.6,25.0,18.7,86.0,1.8,77.3,0.0
1974,8,994.3,1008.1,218.0,25.2,30.2,21.7,82.0,2.2,196.5,0.0
1974,9,998.7,1012.8,392.0,20.1,24.3,16.8,82.0,2.1,124.7,0.0
1974,10,1001.3,1015.7,58.5,15.0,19.5,10.9,77.0,1.8,150.2,0.0
1974,11,1004.0,1018.8,33.5,8.0,13.8,2.1,66.0,1.8,186.9,0.0
1974,12,1005.3,1020.5,35.0,2.7,8.3,-2.5,68.0,1.6,202.8,5.0
1975,1,999.4,1014.5,40.0,0.9,6.7,-4.7,63.0,1.7,221.9,5.0
1975,2,998.1,1013.2,68.5,1.5,7.2,-4.1,60.0,1.9,208.5,14.0
1975,3,998.9,1013.8,94.0,4.8,11.0,-1.0,61.0,2.2,236.4,5.0
1975,4,1001.1,1015.6,68.5,12.1,17.7,6.8,64.0,2.1,178.0,0.0
1975,5,997.8,1012.1,117.5,16.5,21.9,11.6,68.0,2.1,215.6,0.0
1975,6,994.0,1008.1,255.5,19.9,24.1,17.0,82.0,1.9,98.9,0.0
1975,7,995.5,1009.4,201.0,23.7,28.0,20.3,81.0,1.5,161.6,0.0
1975,8,997.9,1011.7,67.0,25.1,30.2,20.9,76.0,1.9,239.4,0.0
1975,9,999.6,1013.5,113.5,22.6,27.8,18.5,76.0,1.7,189.5,0.0
1975,10,1003.1,1017.5,143.5,14.9,19.0,10.8,74.0,1.7,138.8,0.0
1975,11,1005.3,1020.0,191.5,10.1,14.7,5.4,71.0,2.4,154.9,0.0
1975,12,1002.1,1017.2,39.5,2.8,8.8,-2.6,65.0,1.6,197.3,0.0
1976,1,998.3,1013.5,0.0,0.9,8.0,-6.1,52.0,1.8,262.7,0.0
1976,2,1002.5,1017.5,74.5,3.8,9.1,-1.6,57.0,2.0,181.4,0.0
1976,3,1001.4,1016.3,57.5,6.0,11.4,0.8,61.0,1.9,193.0,1.0
1976,4,1002.8,1017.4,113.5,10.8,16.0,6.0,67.0,2.0,175.6,0.0
1976,5,998.0,1012.3,223.0,15.8,21.3,10.8,72.0,2.1,199.9,0.0
1976,6,996.4,1010.5,224.0,19.6,23.7,16.6,79.0,1.9,128.0,0.0
1976,7,998.1,1012.0,138.5,22.1,26.3,18.6,80.0,1.6,129.4,0.0
1976,8,996.3,1010.2,238.0,22.8,27.3,19.3,81.0,1.8,129.3,0.0
1976,9,998.6,1012.7,226.5,19.8,24.2,16.0,77.0,2.2,139.7,0.0
1976,10,1000.5,1014.9,166.0,14.7,19.9,9.6,72.0,1.8,179.9,0.0
1976,11,1004.0,1018.8,43.5,7.8,13.2,2.4,68.0,1.7,179.6,0.0
1976,12,1001.0,1016.1,34.0,3.2,9.7,-2.7,63.0,1.8,214.1,0.0
1977,1,1001.8,1017.0,7.0,-0.4,5.3,-6.0,57.0,1.7,225.3,2.0
1977,2,1000.9,1016.1,6.5,1.1,7.8,-5.7,53.0,1.8,221.4,9.0
1977,3,1003.6,1018.5,129.0,6.6,12.5,0.8,61.0,2.1,198.1,0.0
1977,4,999.2,1013.7,129.0,12.1,18.4,6.4,64.0,2.2,215.5,0.0
1977,5,997.8,1012.1,145.5,16.3,21.7,10.6,64.0,2.2,234.7,0.0
1977,6,995.8,1009.9,244.5,19.4,23.0,16.2,79.0,2.0,97.9,0.0
1977,7,995.3,1009.2,242.5,23.7,28.5,20.1,81.0,1.5,153.2,0.0
1977,8,993.3,1007.1,349.5,23.2,27.0,20.1,81.0,2.0,118.1,0.0
1977,9,999.6,1013.6,213.0,22.0,26.6,18.6,77.0,2.0,134.5,0.0
1977,10,1006.1,1020.5,61.5,16.1,21.7,11.0,71.0,1.7,201.7,0.0
1977,11,1004.6,1019.2,59.0,12.0,17.1,7.0,70.0,1.7,167.9,0.0
1977,12,1003.8,1018.8,35.5,4.7,11.4,-1.3,66.0,1.4,224.2,0.0
1978,1,996.6,1011.6,7.5,1.6,7.8,-4.0,62.0,1.7,208.3,12.0
1978,2,999.1,1014.2,5.0,0.9,7.5,-5.4,55.0,-999.0,208.7,2.0
1978,3,998.6,1013.5,72.0,5.8,12.3,-0.2,53.0,2.1,230.7,1.0
1978,4,997.9,1012.5,139.5,10.9,16.3,5.0,68.0,2.1,182.9,0.0
1978,5,998.5,1012.8,125.0,17.0,22.0,12.5,73.0,1.8,177.8,0.0
1978,6,995.7,1009.7,111.0,22.3,26.9,18.2,75.0,2.0,185.9,0.0
1978,7,997.2,1010.9,90.5,26.2,31.3,22.4,77.0,1.7,221.6,0.0
1978,8,996.5,1010.2,61.5,26.6,32.2,22.2,73.0,1.8,256.0,0.0
1978,9,999.6,1013.7,160.5,20.2,24.3,16.8,79.0,1.7,113.1,0.0
1978,10,1003.8,1018.3,132.5,14.6,19.9,9.3,73.0,1.5,174.6,0.0
1978,11,1003.8,1018.5,66.5,9.7,15.6,3.9,69.0,1.4,191.5,0.0
1978,12,1005.2,1020.2,17.5,4.4,11.2,-1.9,65.0,1.3,199.8,2.0
1979,1,1001.7,1016.7,17.0,2.9,9.8,-3.5,60.0,1.3,220.7,0.0
1979,2,997.1,1011.9,94.5,5.5,11.4,-0.2,64.0,1.8,170.1,0.0
1979,3,999.2,1014.0,32.5,7.0,13.1,0.3,55.0,1.9,229.7,2.0
1979,4,1000.5,1015.0,106.5,11.5,17.0,6.1,64.0,2.0,168.0,0.0
1979,5,996.6,1010.9,204.5,16.4,21.9,10.8,67.0,2.2,221.6,0.0
1979,6,998.3,1012.2,79.0,22.9,27.6,18.5,75.0,1.7,167.3,0.0
1979,7,994.3,1008.1,134.0,23.4,27.8,19.9,79.0,1.6,136.9,0.0
1979,8,995.6,1009.4,176.0,25.5,30.0,22.1,77.0,1.8,168.8,0.0
1979,9,1000.7,1014.7,133.5,21.8,25.9,18.1,76.0,1.8,118.0,0.0
1979,10,1000.0,1014.3,193.0,17.3,22.4,12.9,73.0,1.8,175.6,0.0
1979,11,1005.1,1019.8,165.0,11.7,16.2,6.9,73.0,1.6,127.6,0.0
1979,12,1005.0,1019.9,19.5,6.2,12.3,0.5,67.0,1.2,197.7,0.0
1980,1,998.5,1013.6,33.0,2.2,8.3,-3.6,59.0,1.7,216.5,0.0
1980,2,1000.7,1015.9,7.0,1.6,8.0,-4.4,53.0,1.7,236.3,11.0
1980,3,1001.2,1016.1,112.5,5.5,11.1,-0.2,59.0,1.8,204.4,7.0
1980,4,1002.0,1016.6,98.0,11.2,16.5,6.0,66.0,2.0,166.1,0.0
1980,5,998.0,1012.2,139.0,17.3,23.0,11.5,70.0,1.8,213.2,0.0
1980,6,996.5,1010.5,104.0,22.2,26.6,18.4,75.0,1.8,137.4,0.0
1980,7,994.1,1008.0,238.0,22.4,26.1,19.4,82.0,1.6,99.9,0.0
1980,8,996.4,1010.3,325.5,22.1,26.2,19.2,82.0,1.7,89.1,0.0
1980,9,999.5,1013.5,122.0,21.2,24.8,18.0,78.0,1.9,111.7,0.0
1980,10,1001.7,1016.0,179.0,15.6,20.6,10.7,73.0,1.5,173.7,0.0
1980,11,1003.3,1018.0,75.0,9.6,15.7,3.3,69.0,1.5,163.8,0.0
1980,12,995.4,1010.4,23.5,4.0,9.8,-1.4,64.0,1.7,194.4,4.0
1981,1,998.4,1013.6,0.0,0.1,6.8,-6.1,57.0,1.3,236.1,0.0
1981,2,998.9,1014.0,22.5,2.1,7.8,-3.6,60.0,1.5,167.3,3.0
1981,3,1001.6,1016.4,63.5,6.4,12.4,0.9,61.0,1.9,212.1,0.0
1981,4,998.2,1012.7,123.0,11.7,18.2,4.7,63.0,1.9,212.3,0.0
1981,5,996.4,1010.7,183.5,15.5,20.7,10.5,71.0,2.0,188.0,0.0
1981,6,996.3,1010.4,163.0,18.6,22.4,15.4,83.0,1.4,62.0,0.0
1981,7,997.5,1011.3,281.5,24.6,29.5,21.0,82.0,1.6,151.4,0.0
1981,8,992.9,1006.6,208.0,24.5,29.1,20.9,77.0,1.8,150.6,0.0
1981,9,999.7,1013.8,184.0,19.6,24.0,16.0,78.0,1.6,121.9,0.0
1981,10,1001.3,1015.7,180.0,14.9,20.1,9.6,71.0,1.6,166.6,0.0
1981,11,1003.9,1018.8,50.0,7.0,12.5,1.7,70.0,1.4,155.3,0.0
1981,12,1003.3,1018.3,0.0,3.6,10.0,-2.5,62.0,1.5,217.4,0.0
1982,1,1000.3,1015.4,23.5,2.4,8.2,-3.4,59.0,1.7,201.6,2.0
1982,2,1002.2,1017.3,23.0,2.1,8.1,-3.7,56.0,1.6,185.2,3.0
1982,3,1001.4,1016.2,54.5,7.0,13.1,1.1,59.0,1.9,220.7,0.0
1982,4,1001.1,1015.7,130.0,11.9,17.5,6.4,62.0,2.2,173.3,0.0
1982,5,997.4,1011.5,125.0,18.9,24.5,13.2,67.0,2.0,233.1,0.0
1982,6,993.7,1007.7,247.5,19.5,24.3,15.2,73.0,2.0,167.5,0.0
1982,7,996.5,1010.4,108.0,21.6,25.5,18.5,77.0,1.6,94.5,0.0
1982,8,996.9,1010.7,350.0,25.1,29.4,22.1,78.0,2.0,131.0,0.0
1982,9,999.3,1013.3,304.0,20.3,24.6,16.8,75.0,1.9,118.5,0.0
1982,10,1002.9,1017.3,121.0,15.3,20.6,10.2,70.0,1.7,188.3,0.0
1982,11,1004.3,1019.0,87.5,10.9,15.7,6.3,74.0,1.3,127.9,0.0
1982,12,1002.7,1017.7,12.5,5.2,10.9,-0.1,67.0,1.3,176.3,0.0
1983,1,1003.7,1018.8,15.5,2.1,8.2,-3.4,61.0,1.5,209.0,1.0
1983,2,1000.3,1015.4,45.5,2.0,8.1,-3.5,60.0,1.8,197.4,9.0
1983,3,1001.7,1016.6,105.5,5.9,11.1,0.6,61.0,2.1,191.6,0.0
1983,4,1001.2,1015.7,138.0,13.9,19.6,8.4,69.0,1.8,170.7,0.0
1983,5,998.4,1012.6,68.0,17.6,23.3,12.0,66.0,2.1,240.6,0.0
1983,6,995.7,1009.8,197.5,18.8,23.4,14.7,73.0,1.8,151.7,0.0
1983,7,993.7,1007.6,212.0,22.0,25.8,19.0,83.0,1.4,96.8,0.0
1983,8,995.3,1009.0,191.5,25.4,29.6,22.3,79.0,1.6,127.4,0.0
1983,9,999.3,1013.3,231.0,21.1,25.0,18.2,79.0,1.4,97.2,0.0
1983,10,1002.6,1017.0,77.5,14.8,19.9,9.7,69.0,1.4,173.3,0.0
1983,11,1001.7,1016.4,25.5,9.2,15.0,3.6,66.0,1.7,202.4,0.0
1983,12,999.7,1014.8,0.0,2.3,9.1,-3.9,60.0,1.4,220.2,0.0
1984,1,999.7,1015.0,27.5,-0.2,5.5,-6.0,62.0,1.8,211.0,25.0
1984,2,999.7,1015.0,51.5,-0.7,4.3,-5.6,65.0,1.9,209.6,48.0
1984,3,1000.5,1015.5,43.5,2.8,8.9,-2.7,61.0,2.0,234.6,27.0
1984,4,1004.1,1018.8,46.5,9.7,15.9,3.8,64.0,2.4,206.9,4.0
1984,5,999.0,1013.3,72.0,15.9,21.3,11.3,70.0,2.1,184.5,0.0
1984,6,997.1,1011.1,151.0,20.7,24.7,17.7,80.0,2.1,89.3,0.0
1984,7,994.4,1008.2,174.0,24.6,29.3,21.3,80.0,2.0,170.1,0.0
1984,8,997.2,1011.0,75.0,26.3,31.5,22.3,75.0,1.8,218.2,0.0
1984,9,999.2,1013.2,86.5,21.1,26.0,17.0,76.0,1.7,162.3,0.0
1984,10,1001.6,1016.0,41.5,14.9,20.0,10.3,71.0,2.1,158.7,0.0
1984,11,1006.2,1021.0,29.5,8.2,14.4,2.5,69.0,1.6,193.8,0.0
1984,12,1001.4,1016.5,65.5,3.8,9.8,-1.9,66.0,1.8,217.2,1.0
1985,1,1002.2,1017.4,2.0,0.1,6.4,-5.8,58.0,1.7,230.8,7.0
1985,2,997.5,1012.5,130.5,3.7,9.2,-1.3,62.0,2.3,170.0,1.0
1985,3,1006.4,1021.4,123.0,5.7,10.2,1.7,73.0,2.0,127.8,21.0
1985,4,1000.8,1015.4,166.0,12.2,18.0,6.7,69.0,2.4,197.8,0.0
1985,5,999.5,1013.7,62.0,17.6,22.8,12.7,69.0,2.1,192.1,0.0
1985,6,997.0,1011.2,352.0,18.8,22.7,15.1,78.0,2.0,110.2,0.0
1985,7,993.9,1007.6,113.5,24.6,29.5,20.6,79.0,1.7,184.0,0.0
1985,8,999.1,1012.9,122.5,26.4,31.5,22.7,76.0,1.9,199.1,0.0
1985,9,1000.9,1015.0,182.0,21.1,24.9,18.1,79.0,2.0,113.3,0.0
1985,10,1003.2,1017.6,123.0,15.0,20.2,10.0,73.0,1.6,166.6,0.0
1985,11,999.7,1014.3,82.0,9.3,15.3,3.8,72.0,1.7,184.7,0.0
1985,12,1001.3,1016.3,10.0,3.4,9.4,-2.4,65.0,1.8,224.5,2.0
1986,1,999.5,1014.7,12.5,0.5,6.7,-5.3,58.0,1.8,209.0,0.0
1986,2,999.6,1014.8,23.5,0.9,7.0,-5.1,57.0,2.1,205.4,22.0
1986,3,999.5,1014.4,92.0,5.0,10.9,-0.5,63.0,2.5,-999.0,7.0
1986,4,1001.6,1016.2,92.0,11.5,17.3,5.7,64.0,2.2,-999.0,0.0
1986,5,995.7,1010.0,158.0,16.2,21.6,11.2,70.0,2.1,170.2,0.0
1986,6,995.7,1009.8,171.5,19.4,23.8,15.4,76.0,1.9,118.7,0.0
1986,7,996.2,1010.1,146.5,22.4,26.2,19.5,84.0,1.6,64.7,0.0
1986,8,995.6,1009.4,341.0,25.1,29.8,21.8,79.0,1.9,145.3,0.0
1986,9,998.0,1012.0,166.5,21.8,26.0,18.3,79.0,1.9,125.4,0.0
1986,10,1002.6,1017.1,71.0,14.2,19.2,9.4,72.0,2.0,161.8,0.0
1986,11,1005.2,1020.0,17.0,8.6,14.1,3.1,70.0,1.5,153.1,0.0
1986,12,1003.1,1018.1,59.0,4.2,10.2,-1.4,71.0,1.5,181.8,14.0
1987,1,1001.6,1016.7,17.0,1.8,7.9,-3.8,63.0,1.6,220.3,12.0
1987,2,999.6,1014.6,28.0,3.2,9.2,-1.9,62.0,2.1,188.8,22.0
1987,3,998.8,1013.6,123.0,6.7,12.4,1.0,63.0,2.1,184.2,18.0
1987,4,1002.0,1016.6,21.5,12.2,18.7,5.8,60.0,2.1,234.8,0.0
1987,5,999.6,1013.9,136.0,17.5,23.0,12.1,68.0,2.2,165.8,0.0
1987,6,996.1,1010.1,117.5,20.7,25.9,15.8,72.0,2.0,169.7,0.0
1987,7,994.1,1007.9,190.0,25.0,29.7,21.3,80.0,1.8,137.9,0.0
1987,8,996.2,1010.0,209.0,25.0,29.6,21.6,81.0,1.8,122.4,0.0
1987,9,1000.4,1014.4,287.0,21.4,25.5,18.1,78.0,2.4,109.4,0.0
1987,10,1003.2,1017.5,83.5,16.7,21.3,12.3,74.0,1.9,151.3,0.0
1987,11,1005.0,1019.8,62.0,9.2,14.7,3.9,72.0,1.6,152.5,0.0
1987,12,1004.1,1019.1,39.5,4.2,10.8,-1.3,71.0,1.5,189.7,7.0
1988,1,1000.5,1015.4,23.5,3.8,10.0,-2.1,63.0,1.8,210.2,6.0
1988,2,1002.4,1017.5,2.0,1.4,7.2,-4.1,54.0,2.1,204.2,1.0
1988,3,1000.8,1015.6,100.0,5.8,11.1,0.9,60.0,2.5,166.2,0.0
1988,4,1001.0,1015.6,118.0,11.8,17.7,6.0,64.0,2.3,195.1,0.0
1988,5,996.8,1011.0,139.5,16.2,21.5,10.8,68.0,2.2,-999.0,0.0
1988,6,994.1,1008.0,259.0,20.4,24.6,16.7,78.0,2.0,95.2,0.0
1988,7,995.5,1009.5,148.5,20.8,24.2,18.2,83.0,1.9,42.7,0.0
1988,8,995.5,1009.2,397.0,25.5,29.7,22.5,82.0,1.9,107.7,0.0
1988,9,998.4,1012.4,386.0,21.1,24.3,18.6,81.0,2.3,49.1,0.0
1988,10,1000.1,1014.5,68.5,14.6,19.7,9.8,70.0,1.4,168.9,0.0
1988,11,998.6,1013.4,25.5,7.5,14.1,1.4,66.0,1.7,208.1,0.0
1988,12,1002.5,1017.5,0.0,4.0,10.9,-2.1,60.0,1.5,237.6,0.0
1989,1,1004.6,1019.6,40.0,4.6,9.7,0.0,65.0,1.6,162.2,0.0
1989,2,1003.1,1018.2,91.5,4.1,9.3,-1.0,65.0,1.4,-999.0,4.0
1989,3,999.8,1014.6,95.5,6.9,12.5,1.5,62.0,1.8,182.1,0.0
1989,4,997.9,1012.3,211.0,13.2,19.1,7.1,61.0,2.2,206.1,0.0
1989,5,997.7,1012.0,231.0,15.8,20.6,11.5,77.0,1.9,134.5,0.0
1989,6,996.9,1011.0,316.5,19.0,23.1,15.3,76.0,1.8,111.9,0.0
1989,7,999.5,1013.4,356.0,22.7,26.6,19.6,84.0,1.7,89.1,0.0
1989,8,994.3,1008.0,191.5,25.6,30.1,22.3,78.0,2.2,150.9,0.0
1989,9,998.3,1012.2,209.5,22.8,26.9,19.7,80.0,2.0,98.1,0.0
1989,10,1002.5,1016.9,189.0,15.2,19.8,10.3,73.0,1.9,165.4,0.0
1989,11,1004.7,1019.3,29.0,11.2,15.9,6.7,71.0,1.5,142.9,0.0
1989,12,1001.6,1016.6,23.5,5.1,10.8,-0.2,66.0,1.8,203.1,0.0
1990,1,1001.5,1019.0,19.5,1.6,7.0,-3.4,63.0,3.0,200.8,19.0
1990,2,1006.0,1023.4,117.0,5.2,9.1,1.6,74.0,2.5,105.9,18.0
1990,3,999.0,1016.0,76.0,8.0,13.5,2.8,55.0,3.4,217.3,0.0
1990,4,996.4,1013.1,165.5,12.3,17.3,7.4,68.0,3.3,161.4,0.0
1990,5,996.7,1013.1,107.5,17.5,22.7,12.5,69.0,2.7,180.2,0.0
1990,6,993.8,1009.9,69.0,22.0,26.5,18.5,77.0,2.7,120.2,0.0
1990,7,993.3,1009.2,154.5,23.8,28.0,20.6,80.0,2.4,-999.0,0.0
1990,8,992.9,1008.6,174.0,27.1,32.4,23.2,75.0,3.4,-999.0,0.0
1990,9,998.1,1014.2,381.0,22.8,27.1,19.2,79.0,2.7,-999.0,0.0
1990,10,1000.7,1017.2,169.0,17.0,21.8,13.0,74.0,3.1,142.4,0.0
1990,11,1001.8,1018.6,161.0,12.0,17.5,7.0,74.0,3.0,172.7,0.0
1990,12,998.6,1015.7,40.0,6.2,12.3,0.8,66.0,2.9,219.6,0.0
1991,1,997.4,1014.7,31.5,2.9,8.7,-2.1,61.0,3.0,217.2,1.0
1991,2,995.7,1013.0,75.5,3.2,9.2,-2.3,55.0,3.4,203.4,0.0
1991,3,1000.7,1017.8,142.5,7.4,12.8,2.5,65.0,2.9,157.0,4.0
1991,4,999.4,1016.1,75.5,13.6,18.9,9.0,66.0,3.1,159.1,0.0
1991,5,996.2,1012.6,79.5,17.3,22.8,12.5,65.0,3.0,177.7,0.0
1991,6,992.1,1008.1,204.0,22.4,27.2,18.6,78.0,2.8,138.2,0.0
1991,7,991.2,1007.0,188.5,24.6,29.1,21.0,79.0,2.6,109.2,0.0
1991,8,992.1,1008.0,290.5,24.0,28.7,20.7,80.0,2.8,109.7,0.0
1991,9,996.8,1012.9,289.5,22.1,26.1,19.1,82.0,3.1,84.0,0.0
1991,10,996.9,1013.4,371.0,16.6,20.1,13.4,80.0,3.6,83.4,0.0
1991,11,1003.3,1020.3,77.0,9.7,15.2,5.0,72.0,2.5,-999.0,0.0
1991,12,1002.5,1019.7,20.5,5.9,11.2,0.8,70.0,2.4,175.9,3.0
1992,1,1000.2,1017.6,34.5,3.4,9.3,-1.7,67.0,2.8,204.0,8.0
1992,2,996.6,1013.9,6.5,3.7,9.9,-1.8,57.0,3.2,211.1,18.0
1992,3,1001.6,1018.7,124.0,7.6,12.7,3.2,68.0,3.3,140.2,6.0
1992,4,994.5,1011.2,193.5,12.4,18.0,7.0,67.0,3.4,173.3,0.0
1992,5,994.3,1010.8,196.0,15.1,20.1,10.8,70.0,3.4,136.5,0.0
1992,6,993.6,1009.9,167.5,19.1,23.6,15.5,75.0,3.0,117.1,0.0
1992,7,992.2,1008.1,126.0,24.3,29.1,20.4,75.0,-999.0,143.5,0.0
1992,8,996.6,1012.4,88.5,25.4,30.0,22.0,78.0,2.9,125.6,0.0
1992,9,996.7,1012.8,132.5,21.0,26.0,16.8,70.0,2.9,157.1,0.0
1992,10,1000.3,1016.9,203.5,15.4,20.1,11.4,77.0,2.9,131.7,0.0
1992,11,1003.6,1020.6,57.5,10.1,15.5,5.3,72.0,2.6,160.1,0.0
1992,12,1000.7,1017.9,43.0,5.6,11.4,0.4,67.0,-999.0,-999.0,0.0
1993,1,1000.3,1017.6,61.0,3.5,8.3,-1.0,66.0,3.3,141.5,0.0
1993,2,995.5,1012.8,85.0,4.1,10.5,-1.5,58.0,3.1,194.7,0.0
1993,3,998.1,1015.3,36.0,6.2,12.0,0.9,59.0,3.2,198.9,0.0
1993,4,995.4,1012.3,29.5,10.7,17.3,4.8,60.0,3.4,192.4,0.0
1993,5,995.7,1012.2,110.5,16.5,22.4,11.1,65.0,3.0,200.1,0.0
1993,6,991.6,1007.8,270.5,19.8,24.2,16.6,80.0,2.7,85.3,0.0
1993,7,993.5,1009.7,225.5,20.9,24.4,18.1,85.0,2.7,49.5,0.0
1993,8,993.5,1009.5,220.0,23.0,27.0,20.0,82.0,2.7,85.0,0.0
1993,9,997.0,1013.2,202.5,20.7,24.6,17.3,80.0,2.7,-999.0,0.0
1993,10,1001.0,1017.6,86.5,15.0,19.6,10.5,74.0,2.5,146.2,0.0
1993,11,1004.0,1020.9,105.0,11.0,16.4,6.0,72.0,2.6,163.7,0.0
1993,12,1000.7,1018.0,29.0,5.1,10.4,0.4,66.0,3.0,173.7,0.0
1994,1,998.8,1016.2,25.5,1.9,7.1,-2.7,65.0,2.9,187.5,21.0
1994,2,992.3,1009.5,49.0,3.3,9.0,-2.1,57.0,3.3,201.9,21.0
1994,3,1000.0,1017.3,72.0,5.6,11.3,0.6,60.0,3.1,202.5,0.0
1994,4,997.6,1014.3,26.0,13.8,20.5,7.5,55.0,3.3,237.5,0.0
1994,5,994.8,1011.1,186.0,17.7,23.1,12.7,68.0,3.0,177.2,0.0
1994,6,992.7,1008.8,89.5,21.0,25.6,17.2,75.0,2.5,-999.0,0.0
1994,7,992.0,1007.8,97.0,26.4,31.3,22.9,78.0,2.5,148.4,0.0
1994,8,996.8,1012.6,190.0,27.3,32.9,23.5,76.0,2.9,-999.0,0.0
1994,9,993.7,1009.7,310.5,22.9,27.7,19.4,80.0,3.2,116.6,0.0
1994,10,1001.0,1017.5,52.0,18.2,22.3,14.7,74.0,2.7,96.8,0.0
1994,11,1005.9,1022.9,33.5,10.3,15.9,5.2,71.0,2.4,182.0,0.0
1994,12,1001.6,1018.9,23.0,5.2,11.3,0.1,65.0,2.8,199.4,0.0
1995,1,996.8,1014.2,24.5,2.5,8.3,-2.7,60.0,3.0,231.2,0.0
1995,2,998.8,1016.2,3.0,3.4,9.5,-2.1,57.0,2.9,210.6,2.0
1995,3,998.7,1015.9,150.5,6.4,11.7,1.8,68.0,3.3,-999.0,3.0
1995,4,997.3,1014.0,68.0,13.0,18.9,7.7,61.0,3.3,180.0,0.0
1995,5,995.8,1012.2,213.5,17.1,21.9,13.3,74.0,3.0,120.0,0.0
1995,6,992.6,1008.9,301.5,18.7,22.7,15.9,82.0,2.9,49.8,0.0
1995,7,993.2,1009.0,185.0,24.9,28.9,21.6,79.0,2.1,118.2,0.0
1995,8,995.1,1010.9,197.5,27.2,32.7,23.2,75.0,2.4,191.5,0.0
1995,9,995.5,1011.7,156.0,21.2,25.9,17.4,73.0,2.8,-999.0,0.0
1995,10,1000.7,1017.2,69.0,17.3,22.4,12.8,70.0,2.7,172.8,0.0
1995,11,996.8,1013.7,33.0,9.0,15.6,3.0,60.0,2.9,230.9,0.0
1995,12,998.1,1015.4,1.5,3.4,10.3,-2.2,60.0,2.7,242.6,3.0
1996,1,997.5,1014.9,7.5,2.6,8.6,-2.7,58.0,2.9,217.6,7.0
1996,2,999.2,1016.6,31.0,2.4,8.2,-2.7,57.0,-999.0,200.1,13.0
1996,3,997.0,1014.1,64.5,6.4,12.3,1.2,61.0,3.1,194.7,0.0
1996,4,997.1,1014.0,47.5,10.3,17.2,4.2,60.0,-999.0,207.9,0.0
1996,5,996.2,1012.7,132.0,16.0,21.5,10.9,71.0,3.0,181.0,0.0
1996,6,992.8,1008.9,98.0,20.7,25.4,17.1,78.0,2.7,93.6,0.0
1996,7,994.1,1010.0,149.5,24.7,30.0,20.9,78.0,2.8,155.1,0.0
1996,8,994.8,1010.8,41.5,24.6,29.5,20.9,75.0,2.9,132.1,0.0
1996,9,996.9,1013.1,295.0,20.4,25.7,16.3,78.0,2.8,130.5,0.0
1996,10,1001.4,1018.0,78.5,15.6,21.1,10.8,78.0,2.5,145.0,0.0
1996,11,1001.0,1018.0,93.5,10.1,15.4,5.5,76.0,2.7,135.8,0.0
1996,12,1000.1,1017.4,43.5,5.4,12.1,-0.4,71.0,2.6,223.7,0.0
1997,1,995.0,1012.3,42.5,2.5,9.4,-3.1,65.0,3.0,254.4,17.0
1997,2,998.1,-999.0,24.5,-999.0,10.3,-1.7,-999.0,-999.0,205.2,3.0
1997,3,1000.4,1017.5,86.5,7.6,14.3,1.4,58.0,3.5,215.7,0.0
1997,4,997.4,1014.0,146.0,13.2,19.0,7.8,64.0,3.1,175.6,0.0
1997,5,993.5,1009.8,293.5,17.1,22.4,12.7,78.0,3.1,-999.0,0.0
1997,6,993.4,1009.5,201.0,21.6,26.6,17.1,78.0,3.2,155.7,0.0
1997,7,993.1,1008.9,280.5,25.0,30.3,21.2,82.0,2.8,152.3,0.0
1997,8,994.7,1010.6,156.5,25.2,30.3,21.2,-999.0,2.7,148.5,0.0
1997,9,996.7,1012.9,172.0,20.9,25.3,17.5,85.0,3.1,84.9,0.0
1997,10,998.5,1015.1,11.5,15.6,22.0,10.1,73.0,2.7,207.7,0.0
1997,11,1003.2,1020.1,119.5,11.3,16.8,6.1,77.0,2.6,154.7,0.0
1997,12,1002.6,1019.9,31.5,5.6,10.9,0.9,74.0,2.5,178.0,0.0
1998,1,999.6,1017.0,69.5,2.0,7.7,-2.8,68.0,3.1,191.5,51.0
1998,2,1001.4,1018.7,70.0,4.1,9.8,-0.7,66.0,-999.0,159.4,11.0
1998,3,999.0,1016.1,57.0,7.7,14.0,1.9,59.0,3.4,215.3,0.0
1998,4,1000.4,1017.1,258.0,14.6,19.6,10.4,79.0,2.7,108.2,1.0
1998,5,998.8,1015.1,221.5,18.8,23.9,14.5,76.0,2.8,123.3,0.0
1998,6,994.8,1011.0,135.5,20.1,24.1,16.7,80.0,3.0,74.6,0.0
1998,7,992.7,1008.6,258.5,23.7,28.2,20.5,-999.0,-999.0,-999.0,0.0
1998,8,993.3,1009.1,331.0,25.0,29.4,22.0,85.0,2.7,70.2,0.0
1998,9,997.2,1013.3,333.5,22.9,27.3,19.9,83.0,3.1,91.3,0.0
1998,10,1000.5,1017.0,174.0,17.8,22.5,13.8,78.0,3.0,114.8,0.0
1998,11,999.4,1016.4,0.0,10.1,16.3,4.7,69.0,2.6,186.4,0.0
1998,12,1002.1,1019.3,31.0,5.3,11.2,0.3,70.0,2.4,193.9,0.0
1999,1,996.6,1014.0,3.0,2.7,9.3,-2.7,59.0,2.7,-999.0,0.0
1999,2,997.7,1015.1,26.0,3.2,9.9,-2.5,56.0,3.0,210.0,2.0
1999,3,999.0,1016.0,138.5,7.7,13.3,2.3,68.0,3.1,165.4,0.0
1999,4,997.0,1013.7,173.0,12.7,18.4,8.1,73.0,3.6,130.0,0.0
1999,5,995.1,1011.5,123.0,18.0,23.8,12.8,70.0,3.1,-999.0,0.0
1999,6,993.8,1009.9,263.0,21.3,26.3,17.5,80.0,2.9,125.8,0.0
1999,7,993.3,1009.2,209.0,24.6,29.7,21.2,84.0,3.3,135.7,0.0
1999,8,995.0,1010.8,129.5,27.0,32.2,23.8,81.0,3.2,139.5,0.0
1999,9,997.5,1013.5,215.5,24.1,29.1,20.4,82.0,3.2,120.1,0.0
1999,10,1001.0,1017.5,86.5,16.9,21.8,12.6,77.0,2.7,147.5,0.0
1999,11,1000.6,1017.5,45.0,11.1,16.7,6.0,75.0,2.8,172.0,0.0
1999,12,1000.6,1017.8,5.5,4.9,11.3,-0.7,68.0,2.8,225.7,0.0
2000,1,1001.4,1018.7,52.0,4.5,9.9,-0.3,67.0,2.5,178.3,1.0
2000,2,995.1,1012.4,10.0,2.6,8.9,-2.8,57.0,3.0,214.8,6.0
2000,3,995.4,1012.5,60.0,6.5,13.1,0.3,52.0,3.6,227.3,0.0
2000,4,994.6,1011.3,178.5,12.1,18.2,6.4,62.0,3.6,192.5,0.0
2000,5,995.3,1011.6,152.0,18.0,23.9,13.7,75.0,3.1,167.8,0.0
2000,6,992.8,1008.9,174.0,21.2,25.9,17.4,80.0,2.5,116.2,0.0
2000,7,992.1,1007.9,276.5,25.7,31.4,21.7,78.0,3.0,169.1,0.0
2000,8,995.8,1011.6,195.5,26.2,31.9,22.8,79.0,2.6,146.0,0.0
2000,9,996.0,1012.1,327.5,23.0,27.7,19.5,79.0,2.8,122.1,0.0
2000,10,1001.1,1017.6,125.5,16.4,20.8,12.6,75.0,2.4,-999.0,0.0
2000,11,1003.6,1020.5,79.0,10.3,15.2,6.1,73.0,2.7,135.9,0.0
2000,12,1000.3,1017.5,3.0,4.6,10.7,-0.6,63.0,2.6,-999.0,0.0
2001,1,997.4,1014.9,80.0,1.4,7.0,-3.3,61.0,3.3,195.1,37.0
2001,2,1000.2,1017.6,20.5,3.2,9.4,-2.1,58.0,2.9,186.3,4.0
2001,3,993.5,1010.5,95.5,7.0,13.4,1.5,60.0,3.4,200.0,2.0
2001,4,998.2,1014.9,28.5,13.4,20.3,7.4,61.0,3.1,219.7,0.0
2001,5,995.1,1011.4,129.5,18.1,23.7,13.6,73.0,3.2,172.4,0.0
2001,6,991.9,1008.0,141.0,21.6,26.4,17.8,75.0,2.8,103.0,0.0
2001,7,993.2,1008.9,207.0,26.8,32.9,22.4,71.0,3.0,207.0,0.0
2001,8,994.4,1010.4,341.0,24.4,28.7,21.5,78.0,2.8,77.3,0.0
2001,9,997.4,1013.5,179.0,21.4,25.7,17.8,75.0,2.9,115.5,0.0
2001,10,1001.2,1017.7,230.0,16.1,21.3,11.4,72.0,2.9,172.0,0.0
2001,11,999.8,1016.8,61.5,9.9,15.9,4.1,67.0,2.6,198.4,0.0
2001,12,1001.1,1018.4,11.5,4.4,10.1,-0.5,62.0,2.9,211.1,0.0
2002,1,995.2,1012.5,106.5,4.0,9.8,-1.1,62.0,3.1,199.8,0.0
2002,2,1000.4,1017.6,21.0,5.2,11.0,0.2,56.0,2.7,182.7,0.0
2002,3,996.6,1013.5,121.5,9.4,15.6,3.7,55.0,3.2,205.2,0.0
2002,4,999.4,1016.1,69.0,14.1,19.8,9.1,61.0,3.5,170.1,0.0
2002,5,996.1,1012.6,106.0,16.7,22.2,12.3,68.0,3.1,156.2,0.0
2002,6,993.0,1009.2,96.5,20.0,24.9,16.0,73.0,2.7,121.2,0.0
2002,7,992.2,1008.0,321.0,26.3,31.5,22.6,75.0,3.0,144.2,0.0
2002,8,993.8,1009.6,304.5,26.4,31.9,22.3,73.0,3.0,-999.0,0.0
2002,9,998.2,1014.4,157.5,21.3,25.7,17.7,75.0,2.7,111.3,0.0
2002,10,998.4,1014.9,179.5,16.3,21.5,11.8,71.0,2.9,180.3,0.0
2002,11,998.0,1015.0,30.0,7.9,13.7,2.9,64.0,2.9,174.4,0.0
2002,12,1002.0,1019.3,58.5,3.7,8.3,-0.4,69.0,2.6,157.3,19.0
2003,1,997.2,1014.6,55.0,2.2,7.7,-2.6,60.0,3.0,219.6,2.0
2003,2,1000.4,1017.7,25.0,3.6,9.3,-1.3,62.0,-999.0,189.9,0.0
2003,3,999.1,1016.2,106.0,6.2,12.0,1.0,57.0,3.2,191.9,0.0
2003,4,997.8,1014.5,129.0,13.0,18.9,8.0,66.0,3.2,170.7,0.0
2003,5,999.5,1015.9,110.0,17.4,22.3,13.2,68.0,2.8,152.4,0.0
2003,6,992.3,1008.4,115.5,21.7,26.3,18.1,74.0,2.7,105.3,0.0
2003,7,993.8,1009.9,216.0,21.2,24.8,18.5,80.0,2.8,37.1,0.0
2003,8,994.5,1010.5,221.5,24.5,28.9,21.4,79.0,2.7,95.3,0.0
2003,9,997.4,1013.5,177.0,22.3,27.1,18.6,73.0,2.9,141.2,0.0
2003,10,1000.0,1016.6,97.0,15.4,20.3,10.8,67.0,2.6,152.6,0.0
2003,11,1004.1,1020.9,192.5,12.2,16.4,8.5,73.0,2.6,109.9,0.0
2003,12,997.2,1014.4,24.5,5.2,10.9,0.6,66.0,2.8,199.7,3.0
2004,1,997.8,1015.2,3.0,2.8,8.5,-2.2,55.0,3.0,240.6,0.0
2004,2,996.9,1014.1,15.5,5.0,11.7,-0.7,55.0,3.2,231.7,0.0
2004,3,999.8,1016.9,77.0,7.3,13.6,1.8,56.0,3.2,190.2,0.0
2004,4,994.6,1011.2,113.5,13.9,20.9,7.6,58.0,3.1,232.4,0.0
2004,5,995.8,1012.2,197.0,17.8,22.8,14.0,72.0,2.8,117.9,0.0
2004,6,994.9,1010.9,111.5,22.3,27.5,17.9,70.0,2.9,151.5,0.0
2004,7,993.1,1008.9,142.5,26.4,32.3,22.2,70.0,2.9,-999.0,0.0
2004,8,994.7,1010.6,95.0,25.2,30.2,21.4,71.0,3.1,-999.0,0.0
2004,9,999.8,1015.9,270.0,23.1,27.9,19.6,72.0,3.2,106.9,0.0
2004,10,1001.3,1018.0,490.0,15.3,19.6,11.6,75.0,3.4,122.0,0.0
2004,11,1002.5,1019.3,81.5,12.5,17.5,8.2,71.0,2.4,170.5,0.0
2004,12,1001.5,1018.7,62.0,6.2,11.6,1.4,63.0,2.6,193.0,12.0
2005,1,995.4,1012.7,51.0,2.4,7.8,-2.3,62.0,3.0,200.1,2.0
2005,2,998.2,1015.6,51.5,3.1,8.8,-1.9,56.0,3.1,193.0,4.0
2005,3,996.7,1013.9,70.5,6.1,12.0,0.8,57.0,3.3,201.8,12.0
2005,4,997.4,1014.2,85.0,12.8,19.6,6.8,59.0,3.1,214.8,0.0
2005,5,994.6,1011.1,142.0,16.2,22.1,11.7,61.0,3.3,179.8,0.0
2005,6,991.7,1007.8,45.5,22.3,27.1,18.7,73.0,2.7,111.1,0.0
2005,7,991.3,1007.3,322.0,24.0,28.4,20.4,77.0,2.6,100.5,0.0
2005,8,993.9,1009.8,222.0,26.3,31.4,22.9,74.0,2.9,128.6,0.0
2005,9,999.8,1016.0,120.5,23.1,27.7,19.5,72.0,3.1,-999.0,0.0
2005,10,1000.5,1017.1,148.5,17.3,21.2,14.1,74.0,2.6,107.8,0.0
2005,11,999.9,1016.9,68.5,9.8,15.9,4.3,65.0,2.5,218.6,0.0
2005,12,994.8,1012.2,6.0,2.4,8.2,-2.6,56.0,2.9,231.6,0.0
2006,1,1000.3,1017.8,27.0,1.7,7.1,-3.2,57.0,2.4,184.8,1.0
2006,2,1002.3,1019.7,72.5,4.2,9.5,-0.5,62.0,2.7,154.3,1.0
2006,3,994.4,1011.5,52.0,7.4,13.5,2.0,59.0,3.6,210.8,0.0
2006,4,994.0,1010.7,86.5,11.6,17.1,6.7,67.0,3.1,148.4,0.0
2006,5,997.9,1014.4,112.5,17.3,22.3,13.2,77.0,2.7,113.0,0.0
2006,6,993.8,1010.0,212.0,21.2,25.3,17.8,80.0,2.8,81.2,0.0
2006,7,992.4,1008.4,345.0,23.9,27.4,21.4,86.0,2.4,-999.0,0.0
2006,8,994.2,1010.1,93.0,26.3,31.0,22.9,79.0,2.6,134.5,0.0
2006,9,997.2,1013.4,168.0,21.9,26.6,18.6,78.0,3.3,111.3,0.0
2006,10,1000.0,1016.5,278.0,17.4,22.0,13.9,77.0,3.4,122.3,0.0
2006,11,999.8,1016.6,96.5,11.4,16.2,6.8,73.0,2.8,158.9,0.0
2006,12,1002.5,1019.7,152.5,6.2,11.2,1.8,71.0,2.7,171.4,0.0
2007,1,1002.3,1019.7,36.0,4.2,9.8,-0.9,65.0,2.6,214.5,0.0
2007,2,999.0,1016.2,21.5,5.7,11.4,0.5,59.0,3.3,212.9,0.0
2007,3,997.6,1014.7,36.5,8.0,14.6,2.3,54.0,3.3,215.8,0.0
2007,4,997.6,1014.5,112.5,11.7,17.5,6.7,71.0,3.4,170.1,0.0
2007,5,991.3,1007.6,139.5,18.0,23.9,12.6,66.0,3.4,227.8,0.0
2007,6,993.8,1009.9,115.0,21.9,27.1,17.6,75.0,3.0,142.4,0.0
2007,7,990.1,1006.1,259.0,22.8,26.6,19.9,82.0,2.7,62.0,0.0
2007,8,995.8,1011.6,151.5,27.2,32.6,23.2,76.0,2.8,190.5,0.0
2007,9,997.3,1013.4,226.5,23.6,28.3,20.3,80.0,3.0,119.1,0.0
2007,10,1001.2,1017.8,135.0,16.8,21.4,12.7,74.0,2.6,148.8,0.0
2007,11,1001.1,1018.1,27.0,10.2,15.3,5.9,71.0,2.5,154.1,0.0
2007,12,998.5,1015.8,60.5,5.6,11.2,0.8,72.0,2.6,179.7,0.0
2008,1,1000.6,1018.0,16.5,2.7,8.1,-1.9,63.0,2.5,203.7,1.0
2008,2,997.9,1015.4,30.0,2.6,8.3,-2.6,57.0,3.2,220.5,12.0
2008,3,998.6,1015.7,79.0,8.2,14.2,3.2,62.0,3.2,191.7,0.0
2008,4,997.6,1014.3,185.5,13.1,18.6,8.4,66.0,3.9,169.3,0.0
2008,5,995.9,1012.3,190.0,17.3,22.3,13.3,71.0,3.2,154.6,0.0
2008,6,994.2,1010.5,146.0,20.5,25.1,16.5,76.0,2.9,112.2,0.0
2008,7,993.5,1009.4,32.0,25.4,30.3,22.1,77.0,2.4,107.9,0.0
2008,8,993.1,1009.1,516.5,25.1,29.9,22.1,81.0,2.8,97.6,0.0
2008,9,996.3,1012.4,169.0,22.5,27.1,18.9,77.0,2.5,124.5,0.0
2008,10,1001.4,1018.0,114.0,17.1,22.1,12.9,75.0,2.4,158.1,0.0
2008,11,1000.1,1017.1,75.0,10.1,15.1,5.5,71.0,2.7,153.8,0.0
2008,12,1000.3,1017.6,43.0,6.4,11.7,1.3,71.0,2.6,198.4,0.0
2009,1,1000.1,1017.5,108.0,3.6,9.1,-1.0,65.0,2.8,183.2,0.0
2009,2,998.1,1015.3,44.5,5.0,10.5,0.1,61.0,2.9,168.8,1.0
2009,3,998.8,1015.9,84.0,7.5,13.4,2.2,58.0,3.4,196.7,1.0
2009,4,996.4,1013.1,191.5,13.6,19.9,8.0,62.0,3.2,215.4,0.0
2009,5,995.3,1011.7,93.5,18.9,23.8,14.6,67.0,3.2,158.3,0.0
2009,6,991.5,1007.6,129.0,21.3,26.0,17.9,77.0,2.6,92.8,0.0
2009,7,991.5,1007.5,212.0,24.9,29.4,21.7,79.0,2.8,73.3,0.0
2009,8,994.1,1010.0,137.0,24.9,29.6,21.6,76.0,2.9,114.8,0.0
2009,9,997.2,1013.4,33.5,21.5,26.4,17.7,70.0,2.7,136.8,0.0
2009,10,998.3,1014.8,183.0,16.6,21.6,12.4,71.0,2.9,160.9,0.0
2009,11,1002.6,1019.6,125.0,10.8,15.7,6.4,75.0,2.5,127.1,0.0
2009,12,997.7,1014.9,53.0,6.0,11.1,1.5,66.0,2.7,198.1,0.0
2010,1,997.2,1014.6,1.5,3.3,9.6,-2.0,58.0,2.6,238.3,0.0
2010,2,999.9,1017.3,68.5,4.0,8.9,-0.2,71.0,2.6,128.5,9.0
2010,3,1000.2,1017.4,123.0,6.9,12.2,2.2,69.0,2.9,145.5,8.0
2010,4,1001.2,1018.2,205.5,10.6,16.1,5.9,71.0,3.3,119.2,1.0
2010,5,995.2,1011.7,186.5,17.4,22.8,12.2,67.0,2.8,190.1,0.0
2010,6,995.2,1011.4,179.5,22.3,27.4,18.1,74.0,2.5,139.6,0.0
2010,7,994.2,1010.0,237.5,26.5,31.5,22.8,78.0,2.6,145.3,0.0
2010,8,998.0,1013.8,112.0,28.1,33.2,24.4,76.0,2.6,157.7,0.0
2010,9,996.7,1012.8,258.5,23.4,28.3,19.7,75.0,3.0,145.3,0.0
2010,10,1000.9,1017.4,159.0,17.4,21.3,14.2,76.0,2.7,97.6,0.0
2010,11,999.9,1016.8,74.0,10.8,16.3,5.7,70.0,2.7,174.6,0.0
2010,12,992.4,1009.5,112.5,6.7,12.2,1.9,65.0,3.0,196.9,0.0
2011,1,996.1,1013.6,2.0,1.5,7.6,-3.5,57.0,2.6,248.3,3.0
2011,2,1000.9,1018.3,75.0,4.5,10.4,-0.6,64.0,2.7,171.5,15.0
2011,3,-999.0,-999.0,56.5,-999.0,-999.0,0.1,-999.0,-999.0,-999.0,1.0
2011,4,996.4,1013.2,88.5,12.1,18.6,6.0,57.0,3.5,202.1,0.0
2011,5,995.4,1011.8,182.5,17.2,22.6,12.6,69.0,3.3,151.3,0.0
2011,6,993.4,1009.5,150.5,21.8,26.6,18.2,78.0,2.6,102.0,0.0
2011,7,992.9,1008.7,362.5,26.0,31.1,22.4,76.0,3.2,150.9,0.0
2011,8,994.9,1010.8,169.5,25.9,30.8,22.7,80.0,2.5,149.7,0.0
2011,9,996.1,1012.2,298.5,23.5,28.5,19.8,76.0,3.4,162.1,0.0
2011,10,1001.6,1018.2,129.5,17.0,21.4,13.0,71.0,2.7,130.7,0.0
2011,11,1003.0,1020.0,87.0,11.5,16.8,6.9,74.0,2.3,158.0,0.0
2011,12,1000.6,1017.9,17.5,3.9,9.2,-0.9,66.0,2.6,198.4,0.0
2012,1,999.7,1017.3,22.0,1.5,7.2,-3.3,58.0,3.0,205.3,0.0
2012,2,998.8,1016.2,70.5,2.6,7.9,-2.1,59.0,2.9,182.1,18.0
2012,3,997.8,1015.0,145.0,6.4,12.0,1.5,63.0,3.5,169.9,0.0
2012,4,998.5,1015.3,107.0,12.2,17.8,7.3,65.0,3.5,176.2,0.0
2012,5,994.0,1010.3,316.5,17.8,23.2,13.0,69.0,3.2,194.8,0.0
2012,6,993.8,1010.0,166.5,20.1,25.0,16.3,74.0,2.9,136.4,0.0
2012,7,992.8,1008.7,161.0,25.2,30.3,21.5,77.0,2.8,126.3,0.0
2012,8,996.6,1012.4,176.5,27.6,33.1,23.8,73.0,2.7,214.4,0.0
2012,9,998.2,1014.3,223.5,24.4,29.6,20.9,76.0,3.5,144.8,0.0
2012,10,999.1,1015.6,135.0,17.0,22.5,12.3,70.0,3.1,181.2,0.0
2012,11,997.1,1014.1,86.0,9.3,14.6,4.3,70.0,2.3,165.4,0.0
2012,12,998.2,1015.5,58.5,4.0,9.4,-0.9,63.0,2.9,191.7,1.0
2013,1,999.7,1017.2,32.5,2.1,8.0,-2.9,58.0,3.2,245.8,3.0
2013,2,1000.1,1017.5,20.0,2.8,8.4,-2.2,55.0,3.0,197.0,7.0
2013,3,996.5,1013.4,15.0,9.6,15.8,3.7,55.0,3.4,195.8,0.0
2013,4,993.7,1010.4,203.5,12.1,18.2,6.5,62.0,3.6,193.9,0.0
2013,5,996.0,1012.4,92.0,17.8,24.0,12.6,64.0,3.1,223.4,0.0
2013,6,993.6,1009.8,176.0,21.6,26.6,18.1,76.0,2.7,114.5,0.0
2013,7,992.6,1008.5,246.5,25.1,29.9,21.6,79.0,2.6,114.8,0.0
2013,8,991.4,1007.1,161.5,26.9,32.1,23.0,75.0,2.5,176.8,0.0
2013,9,998.7,1014.8,226.0,22.9,27.9,18.9,74.0,2.9,152.4,0.0
2013,10,1001.2,1017.6,247.5,17.8,22.4,14.0,76.0,3.5,117.7,0.0
2013,11,998.8,1015.7,31.5,9.7,15.4,4.2,68.0,2.6,187.6,0.0
2013,12,996.3,1013.6,52.5,4.8,10.6,-0.2,63.0,3.0,208.2,0.0
2014,1,1000.6,1018.1,9.0,2.3,8.6,-3.1,53.0,2.8,237.8,0.0
2014,2,1001.6,1019.1,97.0,2.8,8.5,-2.2,58.0,3.4,188.8,56.0
2014,3,997.6,1014.7,113.0,7.6,13.2,2.2,54.0,3.4,221.8,0.0
2014,4,999.4,1016.2,135.5,12.8,19.3,7.0,54.0,3.1,233.6,0.0
2014,5,994.3,1010.6,74.5,18.7,24.9,13.3,64.0,3.3,230.6,0.0
2014,6,991.5,1007.6,456.5,21.9,26.8,18.4,78.0,3.1,133.0,0.0
2014,7,993.0,1008.9,194.5,25.1,29.8,21.6,78.0,2.7,136.0,0.0
2014,8,994.2,1010.1,145.5,26.0,30.7,22.4,78.0,2.9,139.3,0.0
2014,9,996.8,1013.0,164.5,21.1,26.2,16.8,71.0,2.8,154.1,0.0
2014,10,1001.4,1018.0,273.5,16.6,21.6,12.1,72.0,2.9,157.4,0.0
2014,11,1001.3,1018.2,58.5,11.5,16.2,7.1,68.0,2.7,147.0,0.0
2014,12,996.6,1013.9,41.5,3.9,9.1,-0.6,62.0,3.2,200.9,0.0
2015,1,997.8,1015.2,55.5,3.2,8.8,-1.6,58.0,2.9,204.6,5.0
2015,2,998.1,1015.4,42.0,3.7,8.9,-0.7,61.0,3.0,185.6,0.0
2015,3,999.7,1016.7,79.0,8.5,14.5,3.1,54.0,3.3,204.8,0.0
2015,4,1000.1,1016.9,96.0,13.6,19.3,8.3,67.0,2.9,153.5,3.0
2015,5,993.6,1009.8,90.5,20.2,26.4,14.6,57.0,3.0,250.5,0.0
2015,6,992.5,1008.6,153.5,21.4,26.1,17.8,73.0,2.8,119.7,0.0
2015,7,993.5,1009.4,349.0,25.6,30.3,22.1,77.0,2.5,160.1,0.0
2015,8,993.9,1009.8,101.5,25.4,29.7,22.4,76.0,3.3,120.6,0.0
2015,9,996.6,1012.8,423.5,21.4,25.5,18.4,76.0,2.9,102.9,0.0
2015,10,999.1,1015.7,49.5,16.7,21.8,12.3,65.0,2.8,204.6,0.0
2015,11,1004.7,1021.6,149.5,12.3,16.3,8.7,75.0,2.7,119.0,0.0
2015,12,1002.3,1019.5,61.5,7.2,12.4,2.4,61.0,2.8,196.0,0.0
2016,1,999.1,1016.5,40.5,3.4,9.3,-1.6,60.0,2.8,211.0,12.0
2016,2,1001.6,1019.0,34.5,4.7,11.0,-0.4,61.0,2.9,193.4,4.0
2016,3,1002.0,1019.1,57.0,8.4,14.1,3.5,60.0,2.9,177.5,0.0
2016,4,997.1,1013.7,135.0,13.8,19.5,8.9,65.0,3.2,157.2,0.0
2016,5,997.0,1013.3,88.0,19.2,25.0,14.1,63.0,3.2,193.1,0.0
2016,6,993.3,1009.4,111.0,21.7,26.3,17.8,71.0,3.0,141.9,0.0
2016,7,994.2,1010.2,81.0,24.2,28.8,20.9,78.0,2.5,100.0,0.0
2016,8,989.5,1005.3,431.5,26.2,31.4,22.8,76.0,3.5,144.3,0.0
2016,9,997.7,1013.7,399.5,23.3,27.2,20.4,81.0,3.0,90.9,0.0
2016,10,1001.2,1017.8,65.0,17.1,21.7,13.0,69.0,2.3,146.8,0.0
2016,11,1002.4,1019.4,91.5,9.5,14.6,4.7,71.0,2.3,163.6,5.0
2016,12,1000.9,1018.2,57.0,6.0,12.1,0.5,63.0,2.7,216.6,0.0
2017,1,997.9,1015.3,18.0,3.1,9.4,-1.9,57.0,3.1,223.4,1.0
2017,2,996.8,1014.1,7.5,4.3,10.8,-1.2,48.0,3.2,222.3,2.0
2017,3,997.5,1014.6,61.0,6.6,12.3,1.3,56.0,3.1,193.3,0.0
2017,4,996.1,1012.8,111.5,13.2,19.7,7.7,60.0,3.3,208.6,0.0
2017,5,996.1,1012.5,83.5,19.1,24.4,14.2,67.0,3.0,190.1,0.0
2017,6,992.4,1008.5,127.5,20.9,26.1,16.7,69.0,2.8,153.5,0.0
2017,7,993.1,1009.0,188.5,26.4,31.2,22.9,78.0,2.7,132.7,0.0
2017,8,992.0,1008.0,210.0,25.1,29.2,22.2,83.0,2.6,54.0,0.0
2017,9,995.7,1011.8,112.0,21.9,26.8,18.0,77.0,2.9,148.9,0.0
2017,10,1002.2,1018.8,343.5,15.7,19.8,12.3,83.0,3.0,101.7,0.0
2017,11,1000.8,1017.8,34.0,9.6,15.5,4.3,72.0,2.5,181.0,0.0
2017,12,999.0,1016.4,10.5,3.8,10.1,-1.3,68.0,2.7,225.9,0.0
2018,1,997.0,1014.4,31.5,2.0,7.9,-2.8,62.0,3.1,227.4,27.0
2018,2,999.5,1016.9,6.0,3.1,9.3,-1.9,59.0,3.0,196.1,10.0
2018,3,1000.2,1017.2,145.5,9.7,15.7,3.8,62.0,3.4,211.3,0.0
2018,4,997.7,1014.3,79.0,15.3,21.6,9.8,67.0,3.0,202.7,0.0
2018,5,995.1,1011.5,139.0,18.8,24.6,13.5,70.0,3.2,206.6,0.0
2018,6,993.3,1009.4,103.5,21.9,26.7,17.9,78.0,3.2,169.0,0.0
2018,7,994.6,1010.4,166.0,27.6,32.8,23.7,78.0,3.1,172.7,0.0
2018,8,993.1,1008.9,273.5,26.9,32.4,22.9,79.0,3.5,182.6,0.0
2018,9,997.6,1013.8,210.5,21.9,26.5,18.7,86.0,2.9,77.8,0.0
2018,10,999.6,1016.1,69.5,17.7,22.6,13.7,75.0,2.8,149.8,0.0
2018,11,1003.3,1020.2,17.0,12.4,17.4,8.0,72.0,2.4,178.1,0.0
2018,12,1001.8,1019.1,16.0,5.5,11.2,0.7,69.0,2.4,182.2,0.0
2019,1,999.1,1016.5,4.0,3.0,9.6,-2.8,55.0,2.9,247.6,0.0
2019,2,1000.9,1018.2,28.5,4.9,11.0,-0.3,59.0,2.9,177.2,5.0
2019,3,996.2,1013.2,83.0,8.6,14.5,3.0,60.0,3.3,203.8,0.0
2019,4,996.6,1013.3,117.5,12.1,18.3,6.8,62.0,3.3,205.7,0.0
2019,5,996.8,1013.2,158.0,19.3,25.5,13.5,62.0,3.2,226.0,0.0
2019,6,991.7,1007.8,288.5,20.9,25.6,17.2,81.0,3.2,113.6,0.0
2019,7,993.8,1009.9,186.0,23.7,27.7,21.0,87.0,2.9,54.3,0.0
2019,8,993.1,1008.9,209.5,27.4,32.4,24.2,82.0,2.8,160.9,0.0
2019,9,999.4,1015.5,156.0,23.9,28.8,20.5,78.0,2.7,125.0,0.0
2019,10,1000.2,1016.6,520.5,18.3,22.3,14.7,81.0,3.2,118.9,0.0
2019,11,1001.8,1018.7,91.5,11.0,16.3,6.2,72.0,2.6,176.8,0.0
2019,12,1002.8,1020.0,24.5,6.0,11.4,1.2,73.0,2.4,138.3,0.0
2020,1,999.8,1017.1,73.0,5.0,10.3,0.3,69.0,2.8,170.3,0.0
2020,2,1001.6,1018.9,23.5,5.8,11.7,0.3,61.0,3.0,205.1,0.0
2020,3,997.1,1014.1,99.5,9.1,14.9,3.6,64.0,3.4,205.9,1.0
2020,4,996.0,1012.8,170.5,11.4,17.5,5.8,66.0,3.8,225.4,0.0
2020,5,995.0,1011.3,136.0,18.7,24.2,14.0,72.0,3.3,178.6,0.0
2020,6,991.6,1007.6,326.5,22.5,27.3,18.7,81.0,2.9,131.2,0.0
2020,7,993.1,1009.1,237.5,23.3,26.6,20.7,91.0,2.5,38.6,0.0
2020,8,995.4,1011.1,42.5,28.2,33.6,24.1,77.0,2.6,198.1,0.0
2020,9,996.6,1012.7,108.5,23.5,28.0,20.5,81.0,3.5,104.8,0.0
2020,10,1001.1,1017.7,125.0,16.1,20.7,12.4,77.0,2.7,119.7,0.0